-- MySQL dump 10.13  Distrib 5.7.24, for Linux (x86_64)
--
-- Host: localhost    Database: possystem
-- ------------------------------------------------------
-- Server version	5.7.24
create database `possystem`;
use possystem;
/*!40101 SET @OLD_CHARACTER_SET_CLIENT=@@CHARACTER_SET_CLIENT */;
/*!40101 SET @OLD_CHARACTER_SET_RESULTS=@@CHARACTER_SET_RESULTS */;
/*!40101 SET @OLD_COLLATION_CONNECTION=@@COLLATION_CONNECTION */;
/*!40101 SET NAMES utf8 */;
/*!40103 SET @OLD_TIME_ZONE=@@TIME_ZONE */;
/*!40103 SET TIME_ZONE='+00:00' */;
/*!40014 SET @OLD_UNIQUE_CHECKS=@@UNIQUE_CHECKS, UNIQUE_CHECKS=0 */;
/*!40014 SET @OLD_FOREIGN_KEY_CHECKS=@@FOREIGN_KEY_CHECKS, FOREIGN_KEY_CHECKS=0 */;
/*!40101 SET @OLD_SQL_MODE=@@SQL_MODE, SQL_MODE='NO_AUTO_VALUE_ON_ZERO' */;
/*!40111 SET @OLD_SQL_NOTES=@@SQL_NOTES, SQL_NOTES=0 */;

--
-- Table structure for table `AUTH`
--

DROP TABLE IF EXISTS `AUTH`;
/*!40101 SET @saved_cs_client     = @@character_set_client */;
/*!40101 SET character_set_client = utf8 */;
CREATE TABLE `AUTH` (
  `AUTH_KEY` varchar(20) DEFAULT NULL,
  `AUTHSTATUS` varchar(2) DEFAULT NULL,
  `SERVICE_EMAIL` varchar(50) DEFAULT NULL,
  `REGDATE` date DEFAULT NULL
) ENGINE=InnoDB DEFAULT CHARSET=utf8;
/*!40101 SET character_set_client = @saved_cs_client */;

--
-- Dumping data for table `AUTH`
--

LOCK TABLES `AUTH` WRITE;
/*!40000 ALTER TABLE `AUTH` DISABLE KEYS */;
INSERT INTO `AUTH` VALUES ('rW1NK','N','bytrustu@gmail.com','2018-12-16'),('d0Vve','N','winetree94@outlook.com','2020-05-15');
/*!40000 ALTER TABLE `AUTH` ENABLE KEYS */;
UNLOCK TABLES;

--
-- Table structure for table `SERVICE_ACCOUNT`
--

DROP TABLE IF EXISTS `SERVICE_ACCOUNT`;
/*!40101 SET @saved_cs_client     = @@character_set_client */;
/*!40101 SET character_set_client = utf8 */;
CREATE TABLE `SERVICE_ACCOUNT` (
  `SERVICE_ID` varchar(20) NOT NULL,
  `SERVICE_EMAIL` varchar(50) NOT NULL,
  `SERVICE_PW` varchar(20) NOT NULL,
  `SERVICE_TYPE` char(2) NOT NULL DEFAULT 'U',
  `REGDATE` datetime NOT NULL,
  `DELFLAG` char(2) NOT NULL DEFAULT 'N',
  PRIMARY KEY (`SERVICE_ID`)
) ENGINE=InnoDB DEFAULT CHARSET=utf8;
/*!40101 SET character_set_client = @saved_cs_client */;

--
-- Dumping data for table `SERVICE_ACCOUNT`
--

LOCK TABLES `SERVICE_ACCOUNT` WRITE;
/*!40000 ALTER TABLE `SERVICE_ACCOUNT` DISABLE KEYS */;
INSERT INTO `SERVICE_ACCOUNT` VALUES ('11111','a2d@naver.com','123','U','2018-11-23 06:31:12','N'),('123123','park@naver.com','12343333','U','2018-11-07 07:30:11','Y'),('2j2','kio172@naver.com','30WhNtKsKo','U','2018-11-07 06:42:36','N'),('2winetree','winetre2e@naver.com','1234','U','2018-11-23 05:46:20','N'),('3321123','kio172@naver.com','30WhNtKsKo','U','2018-11-07 06:48:39','Y'),('Adrianna','araceli.volkman@hotmail.com','Carolanne','U','2018-11-04 00:00:00','N'),('Alan','viola.stanton@gmail.com','Tyshawn','U','2018-11-04 00:00:00','N'),('Alysa','dannie.cummerata@gmail.com','Cristobal','U','2018-11-04 00:00:00','N'),('Amber','marie.hilpert@hotmail.com','Cristina','U','2018-11-04 00:00:00','N'),('America','bridie.stanton@gmail.com','Forest','U','2018-11-04 00:00:00','N'),('Amie','estevan.altenwerth@hotmail.com','Kaylin','U','2018-11-04 00:00:00','N'),('Amy','bertha.towne@yahoo.com','Eden','U','2018-11-04 00:00:00','N'),('Anabelle','antonetta.collins@hotmail.com','Mark','U','2018-11-04 00:00:00','N'),('Anastacio','raphael.hoppe@gmail.com','Scarlett','U','2018-11-04 00:00:00','N'),('Ansel','ernest.ondricka@gmail.com','Kianna','U','2018-11-04 00:00:00','N'),('Ara','quentin.keeling@hotmail.com','Travis','U','2018-11-04 00:00:00','N'),('asdfed3f','park@naver.com','12343333','U','2018-11-07 07:46:16','Y'),('ash47','ashley93kor@gmail.com','1234','U','2018-11-27 14:02:28','N'),('Bernardo','jerry.brown@gmail.com','Katlynn','U','2018-11-04 00:00:00','N'),('Bernhard','rodolfo.maggio@yahoo.com','Stephanie','U','2018-11-04 00:00:00','N'),('Brandyn','yvette.hodkiewicz@yahoo.com','Hugh','U','2018-11-04 00:00:00','N'),('Bud','mara.konopelski@gmail.com','Emmanuel','U','2018-11-04 00:00:00','N'),('Carolyne','derick.emmerich@yahoo.com','Vida','U','2018-11-04 00:00:00','N'),('Cassandre','serenity.dicki@hotmail.com','Clark','U','2018-11-04 00:00:00','N'),('Cecile','eliane.little@yahoo.com','Annabelle','U','2018-11-04 00:00:00','N'),('Charlene','johnathon.hane@yahoo.com','Isabella','U','2018-11-04 00:00:00','N'),('Clovis','aidan.bartoletti@hotmail.com','Gail','U','2018-11-04 00:00:00','N'),('Coralie','rebeka.mcdermott@yahoo.com','Jamison','U','2018-11-04 00:00:00','N'),('Corene','edwardo.bode@hotmail.com','Dillon','U','2018-11-04 00:00:00','N'),('Dagmar','eliezer.conroy@hotmail.com','Celestine','U','2018-11-04 00:00:00','N'),('Daphney','elnora.hudson@hotmail.com','Jayde','U','2018-11-04 00:00:00','N'),('David','austen.grady@hotmail.com','Ismael','U','2018-11-04 00:00:00','N'),('DEADFOOL','kio173332@naver.com','4321','U','2018-11-16 06:19:19','Y'),('Deion','alphonso.klocko@yahoo.com','Lyla','U','2018-11-04 00:00:00','N'),('Dereck','carlie.hermann@gmail.com','Michele','U','2018-11-04 00:00:00','N'),('Desiree','josefa.parker@gmail.com','Rozella','U','2018-11-04 00:00:00','N'),('dlkfkljd','sdf','asdfasdf','U','2018-11-16 08:36:03','N'),('Dorothea','ruben.mckenzie@yahoo.com','Abraham','U','2018-11-04 00:00:00','N'),('Edwardo','dashawn.schulist@hotmail.com','Geoffrey','U','2018-11-04 00:00:00','N'),('Electa','hazel.leannon@gmail.com','Nicholaus','U','2018-11-04 00:00:00','N'),('Elise','allie.friesen@yahoo.com','Claud','U','2018-11-04 00:00:00','N'),('Esperanza','charlie.schmidt@yahoo.com','Madisen','U','2018-11-04 00:00:00','N'),('Esta','jensen.schmitt@yahoo.com','Carlotta','U','2018-11-04 00:00:00','N'),('Fannie','david.moen@gmail.com','Justina','U','2018-11-04 00:00:00','N'),('Federico','serenity.lesch@gmail.com','Alf','U','2018-11-04 00:00:00','N'),('Flavio','wilma.rolfson@hotmail.com','Jerrold','U','2018-11-04 00:00:00','N'),('Garfield','ollie.dare@hotmail.com','Micaela','U','2018-11-04 00:00:00','N'),('Georgianna','einar.dietrich@hotmail.com','Leda','U','2018-11-04 00:00:00','N'),('gksthfdl','gksthfdl@gmail.com','gksthfdl','U','2018-11-23 05:24:56','N'),('gksthfgksthf','gksthfgksthf@gmail.co','gksthfgksthf','U','2018-11-23 05:55:12','N'),('Gladyce','dane.oconner@gmail.com','Bette','U','2018-11-04 00:00:00','N'),('Glennie','rita.reichel@yahoo.com','Josiah','U','2018-11-04 00:00:00','N'),('Golda','germaine.nitzsche@yahoo.com','Cale','U','2018-11-04 00:00:00','N'),('Gracie','isidro.eichmann@gmail.com','Samara','U','2018-11-04 00:00:00','N'),('Guido','presley.tremblay@gmail.com','Cruz','U','2018-11-04 00:00:00','N'),('Gustave','melvin.bradtke@gmail.com','Bria','U','2018-11-04 00:00:00','N'),('Guy','dexter.hilll@yahoo.com','Khalid','U','2018-11-04 00:00:00','N'),('Hadley','ryan.bradtke@yahoo.com','Ludie','U','2018-11-04 00:00:00','N'),('Halie','jeanie.haley@gmail.com','Dolores','U','2018-11-04 00:00:00','N'),('hanarinn','hanarinproject@gmail.com','roadxtm597','U','2018-11-23 07:05:37','N'),('hansol','321@naver.com','123','U','2018-11-07 00:00:00','Y'),('hansolLove2J2','kio172@naver.com','30WhNtKsKo','U','2018-11-07 08:13:23','Y'),('Hassie','giovanna.fritsch@hotmail.com','Jairo','U','2018-11-04 00:00:00','N'),('Heather','roxanne.daugherty@hotmail.com','Ryley','U','2018-11-04 00:00:00','N'),('hello','hello@gmail.com','hello','U','2018-11-04 00:00:00','Y'),('helloworld','helloworld@gmail.com','helloworld','U','2018-11-24 19:18:47','N'),('Houston','louvenia.harris@hotmail.com','Jailyn','U','2018-11-04 00:00:00','N'),('Ian','talon.cummings@yahoo.com','Gavin','U','2018-11-04 00:00:00','N'),('Jacques','marjory.turner@gmail.com','Antoinette','U','2018-11-04 00:00:00','N'),('Jasen','sierra.heidenreich@yahoo.com','Coty','U','2018-11-04 00:00:00','N'),('Jeffery','tressa.gerlach@hotmail.com','Dianna','U','2018-11-04 00:00:00','N'),('Jerrod','noel.price@gmail.com','Mable','U','2018-11-04 00:00:00','N'),('John','bennett.ankunding@gmail.com','Morton','U','2018-11-04 00:00:00','N'),('Johnathon','jacklyn.krajcik@hotmail.com','Dessie','U','2018-11-04 00:00:00','N'),('Jonathan','darion.stehr@hotmail.com','Nicolas','U','2018-11-04 00:00:00','N'),('Juana','seth.rath@yahoo.com','Dean','U','2018-11-04 00:00:00','N'),('Justyn','florencio.okeefe@yahoo.com','Erika','U','2018-11-04 00:00:00','N'),('Kamryn','yasmin.weimann@gmail.com','Joan','U','2018-11-04 00:00:00','N'),('Karianne','elza.glover@hotmail.com','Ruthie','U','2018-11-04 00:00:00','N'),('Kenny','jared.kassulke@yahoo.com','Amaya','U','2018-11-04 00:00:00','N'),('Kianna','marlee.roberts@gmail.com','Misael','U','2018-11-04 00:00:00','N'),('kio17','A12SDF@NAVER.COM','nhA5WNl8li','U','2018-11-24 16:01:04','N'),('koreait','kio17@naver.com','eldkqmf12','U','2018-11-30 08:22:27','N'),('koreait2','kio173332@naver.com','1234','U','2018-11-30 05:47:04','N'),('Krista','emory.vandervort@hotmail.com','Julie','U','2018-11-04 00:00:00','N'),('Kyle','myriam.leffler@yahoo.com','Mossie','U','2018-11-04 00:00:00','N'),('Larissa','torrance.jakubowski@yahoo.com','Lisa','U','2018-11-04 00:00:00','N'),('Laverne','harry.homenick@gmail.com','Sheldon','U','2018-11-04 00:00:00','N'),('Lenny','giuseppe.kiehn@yahoo.com','Simone','U','2018-11-04 00:00:00','N'),('Lillian','daryl.satterfield@yahoo.com','John','U','2018-11-04 00:00:00','N'),('Ludie','gina.yundt@hotmail.com','Dayana','U','2018-11-04 00:00:00','N'),('Makenna','heather.gleichner@gmail.com','Araceli','U','2018-11-04 00:00:00','N'),('Mandy','greta.gulgowski@yahoo.com','Braden','U','2018-11-04 00:00:00','N'),('Mariam','francesco.turner@gmail.com','Dawson','U','2018-11-04 00:00:00','N'),('Mariela','uriah.kovacek@gmail.com','Javier','U','2018-11-04 00:00:00','N'),('Marlen','elton.effertz@yahoo.com','Alycia','U','2018-11-04 00:00:00','N'),('Marley','jasmin.lesch@gmail.com','Erika','U','2018-11-04 00:00:00','N'),('Marshall','charles.rau@hotmail.com','Asa','U','2018-11-04 00:00:00','N'),('Mason','hattie.koepp@yahoo.com','Albert','U','2018-11-04 00:00:00','N'),('Mateo','rosalyn.mosciski@hotmail.com','Madalyn','U','2018-11-04 00:00:00','N'),('Melvina','annamarie.senger@hotmail.com','Millie','U','2018-11-04 00:00:00','N'),('minhwan','123@naver.com','123','U','2018-11-24 05:02:23','N'),('Mustafa','kyla.connelly@hotmail.com','Aryanna','U','2018-11-04 00:00:00','N'),('Nasir','maryam.lang@gmail.com','Johanna','U','2018-11-04 00:00:00','N'),('PosSystem관리자','braulio.keeling@gmail.com','123','M','2018-11-04 00:00:00','N'),('Priscilla','gladys.rath@gmail.com','Zetta','U','2018-11-04 00:00:00','N'),('Queenie','louvenia.schowalter@hotmail.com','Keven','U','2018-11-04 00:00:00','N'),('Renee','clotilde.robel@gmail.com','Britney','U','2018-11-04 00:00:00','N'),('River','gunnar.bahringer@hotmail.com','Ashlee','U','2018-11-04 00:00:00','N'),('Rogelio','brycen.schneider@yahoo.com','Sallie','U','2018-11-04 00:00:00','N'),('Rosina','carmine.ruecker@gmail.com','Mavis','U','2018-11-04 00:00:00','N'),('Roslyn','foster.yost@hotmail.com','Nia','U','2018-11-04 00:00:00','N'),('Ruby','ezekiel.leannon@gmail.com','Jailyn','U','2018-11-04 00:00:00','N'),('Scottie','olga.hartmann@hotmail.com','Kaia','U','2018-11-04 00:00:00','N'),('Serena','zora.hayes@hotmail.com','Alexandre','U','2018-11-04 00:00:00','N'),('Shakira','eliseo.feil@hotmail.com','Clark','U','2018-11-04 00:00:00','N'),('Shayna','russel.leuschke@hotmail.com','Effie','U','2018-11-04 00:00:00','N'),('Skyla','vince.parker@yahoo.com','Tom','U','2018-11-04 00:00:00','N'),('starbucks','hanarinn@outlook.com','qwerty1234!','U','2018-12-05 13:53:30','N'),('SUNGHYUN','deadpool@gmail.com','123','U','2018-11-07 00:00:00','Y'),('SungLoveDeadpool','Deadpool@naver.com','4321','U','2018-11-07 08:20:50','Y'),('SungLoveDeadpool2','Deadpool@naver.com','4321','U','2018-11-07 08:33:39','Y'),('Tara','carolyn.hilpert@yahoo.com','Asia','U','2018-11-04 00:00:00','N'),('Telly','millie.oconnell@gmail.com','Juliet','U','2018-11-04 00:00:00','N'),('Terrell','caleigh.reinger@gmail.com','Kirk','U','2018-11-04 00:00:00','N'),('Tess','thora.bogisich@yahoo.com','Milo','U','2018-11-04 00:00:00','N'),('Tina','zella.welch@gmail.com','Scottie','U','2018-11-04 00:00:00','N'),('Tremayne','florida.graham@yahoo.com','Evangeline','U','2018-11-04 00:00:00','N'),('Trenton','opal.aufderhar@gmail.com','Margarita','U','2018-11-04 00:00:00','N'),('Valentine','germaine.hilll@gmail.com','Bessie','U','2018-11-04 00:00:00','N'),('winetree','kio172@naver.com','123','M','2018-11-04 00:00:00','Y'),('winetree22','ad@naver.com','WsOd6tgR8y','U','2018-11-23 07:24:32','N'),('winetree222','park@naver.com','12343333','U','2018-11-16 08:14:49','N'),('winetree2222','parksung@naver.com','123','U','2018-11-16 08:27:56','N'),('winetree94','winetree94@outlook.com','qwerty1234!','U','2020-05-15 13:26:57','N'),('winetreebabo','123123123','1234','U','2018-11-09 08:27:03','N'),('winetreee','hanarinn@naver.com','winetreee','U','2018-11-20 13:58:46','N'),('winetreewsldk','fsdlkfjs@gmail.com','asdfjkl','U','2018-11-23 05:24:35','N'),('Winston','danny.sauer@yahoo.com','Shayna','U','2018-11-04 00:00:00','N'),('wodl0504','wodl0504@naver.com','123','M','2018-11-20 11:14:39','N'),('youstarkio','kio173332@naver.com','zQFkIoYWiR','U','2018-11-30 06:25:58','N'),('Zechariah','adrianna.tillman@hotmail.com','Daisha','U','2018-11-04 00:00:00','N'),('강남역3번출구 스타벅스 사장','park223123123@naver.com','123','U','2018-11-23 08:01:32','N'),('백종원','brayan.kuphal@gmail.com','123','U','2018-11-04 00:00:00','N'),('신림역 할리스 사장','A12SDF@NAVER.COM','123','U','2018-11-23 06:27:30','N'),('아지매순댓국 사장','12380123@naver.com','123','U','2018-11-16 08:49:44','N'),('역곡역 삼층카페 사장','park@naver.com','123','U','2018-11-16 08:12:23','N'),('이재이r','kio172@naver.com','30WhNtKsKo','U','2018-11-07 06:46:26','Y');
/*!40000 ALTER TABLE `SERVICE_ACCOUNT` ENABLE KEYS */;
UNLOCK TABLES;

--
-- Table structure for table `SERVICE_BOARD`
--

DROP TABLE IF EXISTS `SERVICE_BOARD`;
/*!40101 SET @saved_cs_client     = @@character_set_client */;
/*!40101 SET character_set_client = utf8 */;
CREATE TABLE `SERVICE_BOARD` (
  `BOARD_SEQ` int(11) NOT NULL AUTO_INCREMENT,
  `SERVICE_ID` varchar(20) NOT NULL,
  `READCOUNT` int(11) NOT NULL DEFAULT '0',
  `REGDATE` datetime NOT NULL,
  `TITLE` varchar(50) NOT NULL,
  `CONTENT` varchar(4000) NOT NULL,
  `REF` int(11) NOT NULL,
  `STEP` int(11) NOT NULL,
  `DEPTH` int(11) NOT NULL,
  `TYPE` char(2) NOT NULL DEFAULT 'Q',
  `DELFLAG` char(2) NOT NULL DEFAULT 'N',
  PRIMARY KEY (`BOARD_SEQ`),
  KEY `SERVICE_ID_FK` (`SERVICE_ID`),
  CONSTRAINT `SERVICE_ID_FK` FOREIGN KEY (`SERVICE_ID`) REFERENCES `SERVICE_ACCOUNT` (`SERVICE_ID`)
) ENGINE=InnoDB AUTO_INCREMENT=252 DEFAULT CHARSET=utf8;
/*!40101 SET character_set_client = @saved_cs_client */;

--
-- Dumping data for table `SERVICE_BOARD`
--

LOCK TABLES `SERVICE_BOARD` WRITE;
/*!40000 ALTER TABLE `SERVICE_BOARD` DISABLE KEYS */;
INSERT INTO `SERVICE_BOARD` VALUES (1,'winetree',1,'2018-11-02 00:00:00','바꾼 글','바꾼 내용',0,0,0,'Q','Y'),(2,'hello',0,'2018-11-02 00:00:00','title','content',0,0,0,'Q','Y'),(3,'winetree',0,'2018-11-08 06:16:59','title','content',1,0,0,'Q','Y'),(4,'winetree',0,'2018-11-08 06:17:49','title수정','<p>content수정</p>',2,0,0,'Q','Y'),(6,'winetree',0,'2018-11-13 06:07:54','d','',3,0,0,'Q','Y'),(7,'winetree',0,'2018-11-13 06:09:24','fsadsfdfsd','',4,0,0,'Q','Y'),(8,'winetree',0,'2018-11-13 06:15:02','d','',5,0,0,'Q','Y'),(9,'winetree',0,'2018-11-13 06:15:14','','',6,0,0,'Q','Y'),(10,'winetree',0,'2018-11-13 06:15:56','','',7,0,0,'Q','Y'),(11,'winetree',0,'2018-11-13 06:16:06','d','',8,0,0,'Q','Y'),(12,'winetree',0,'2018-11-13 06:19:39','','',9,0,0,'Q','Y'),(13,'winetree',1,'2018-11-13 06:21:47','','',10,0,0,'Q','Y'),(14,'winetree',0,'2018-11-13 06:23:10','','',11,0,0,'Q','Y'),(15,'winetree',0,'2018-11-14 05:13:34','title입니다','',12,0,0,'Q','Y'),(16,'winetree',0,'2018-11-14 05:14:33','titlee','',13,0,0,'Q','Y'),(17,'winetree',0,'2018-11-14 05:18:34','ㅇㅇㅇㅇㅇ','',14,0,0,'Q','Y'),(18,'winetree',0,'2018-11-14 05:19:06','ㅇ','',15,0,0,'Q','Y'),(19,'winetree',0,'2018-11-14 05:27:26','dd','dd',16,0,0,'Q','Y'),(20,'winetree',0,'2018-11-14 05:34:50','ddddd','',17,0,0,'Q','Y'),(21,'winetree',0,'2018-11-14 06:01:36','dd','content',18,0,0,'Q','Y'),(22,'winetree',0,'2018-11-14 06:02:05','','content',19,0,0,'Q','Y'),(23,'winetree',0,'2018-11-14 06:02:27','fasdafds','content',20,0,0,'Q','Y'),(24,'winetree',0,'2018-11-14 06:03:35','asdasdf','',21,0,0,'Q','Y'),(25,'winetree',0,'2018-11-14 06:04:42','asdfadsff','',22,0,0,'Q','Y'),(26,'winetree',0,'2018-11-14 06:06:22','asfdasfdsafd','<p>afsdasdfffffffffasdfasdfasdfasdfasdfasdfasdfasdfasdfasdfasfasfasfasdfasd</p>',23,0,0,'Q','Y'),(27,'winetree',1,'2018-11-15 05:53:29','제목','',24,0,0,'Q','Y'),(28,'winetree',0,'2018-11-15 06:07:32','dddd','',25,0,0,'Q','Y'),(29,'winetree',0,'2018-11-15 06:25:49','newwwww','<p>내용내용ㄴ</p>',26,0,0,'Q','Y'),(30,'winetree',0,'2018-11-15 06:47:10','afsdafsdasdf','<p>afsdfsadafsdfsd</p>',27,0,0,'Q','Y'),(31,'winetree',0,'2018-11-15 07:07:33','afsdafsdasdf','<p><br></p>',28,0,0,'Q','Y'),(32,'winetree',0,'2018-11-15 07:07:40','afsdafsdasdf','<p>fsadfa</p>',29,0,0,'Q','Y'),(33,'winetree',0,'2018-11-15 07:08:01','titlee뚜정','<p>text수제어엉</p>',30,0,0,'Q','Y'),(34,'winetree',0,'2018-11-15 07:08:09','ㅇㅇㅇㅇㅇ','<p>textttttttttttttttt</p>',31,0,0,'Q','Y'),(35,'winetree',0,'2018-11-15 07:08:28','??','<p>??</p>',32,0,0,'Q','Y'),(36,'winetree',0,'2018-11-15 07:08:45','n','<p>ee</p>',33,0,0,'Q','Y'),(37,'winetree',0,'2018-11-16 07:12:03','afdsfdasafds','',34,0,0,'Q','Y'),(38,'winetree',0,'2018-11-16 07:13:28','sdfdasfads','',35,0,0,'Q','Y'),(39,'winetree',0,'2018-11-16 07:18:17','afsdfdasafds','',36,0,0,'Q','Y'),(40,'winetree',0,'2018-11-16 07:19:51','fsdafasd','',37,0,0,'Q','Y'),(41,'winetree',2,'2018-11-16 07:20:13','fadfasd','<p>afsdfds</p>',38,0,0,'Q','Y'),(42,'winetree',0,'2018-11-16 07:23:08','fsadafsdfdfsdfsds','<p>fadsafsdfasd</p>',39,0,0,'Q','Y'),(43,'winetree',0,'2018-11-16 07:24:41','afsdafdsafsd','<p>fdasafdsfdasafds</p>',40,0,0,'Q','Y'),(44,'winetree',0,'2018-11-16 07:30:05','jj','',41,0,0,'Q','Y'),(45,'winetree',0,'2018-11-16 08:29:11','adsf','',42,0,0,'Q','Y'),(46,'winetree',0,'2018-11-16 08:31:21','asdf','',43,0,0,'Q','Y'),(47,'winetree',0,'2018-11-16 08:32:57','asdf','',44,0,0,'Q','Y'),(48,'winetree',0,'2018-11-16 08:33:17','sdfsdf','<p>sdf</p>',45,0,0,'Q','Y'),(49,'winetree',0,'2018-11-16 08:35:40','asdf','<p>asdf</p>',46,0,0,'Q','Y'),(50,'winetree',0,'2018-11-16 08:35:47','','',47,0,0,'Q','Y'),(51,'winetree',0,'2018-11-16 08:38:23','asdf','<p>asdf</p>',48,0,0,'Q','Y'),(52,'winetree',0,'2018-11-16 08:48:18','asdf','<p>asdf</p>',49,0,0,'Q','Y'),(53,'winetree',0,'2018-11-17 06:51:40','asdf','',50,0,0,'Q','Y'),(54,'winetree',0,'2018-11-17 06:54:06','asdf','',51,0,0,'Q','Y'),(55,'winetree',0,'2018-11-18 08:29:03','sfadsfda','<p>게시물 등록</p>',52,0,0,'Q','Y'),(56,'winetree',0,'2018-11-19 02:38:14','asdf','<p>ddfsdf</p>',53,0,0,'Q','Y'),(57,'winetree',0,'2018-11-20 05:49:55','asdf','',54,0,0,'Q','Y'),(58,'winetree',0,'2018-11-20 06:53:34','asf','',55,0,0,'Q','Y'),(59,'winetree',0,'2018-11-20 06:53:50','asdf','',56,0,0,'Q','Y'),(60,'winetree',0,'2018-11-20 06:57:01','asdf','<p>asdf</p>',57,0,0,'Q','Y'),(61,'winetree',0,'2018-11-20 06:58:05','sdfasdf','',58,0,0,'Q','Y'),(62,'winetree',1,'2018-11-20 06:59:01','asdfasdf','',59,0,0,'Q','Y'),(63,'winetree',0,'2018-11-20 07:10:27','asdf','',60,0,0,'Q','Y'),(64,'winetree',0,'2018-11-20 07:12:07','asdf','<p><br></p>',61,0,0,'Q','Y'),(65,'winetree',0,'2018-11-20 07:13:12','ee','',62,0,0,'Q','Y'),(66,'winetree',0,'2018-11-20 07:13:41','fffffffff','<p><br></p>',63,0,0,'Q','Y'),(67,'winetree',0,'2018-11-20 07:15:55','sdfsdfsdf','',64,0,0,'Q','Y'),(68,'winetree',1,'2018-11-20 07:16:17','sadfasdf','',65,0,0,'Q','Y'),(69,'winetree',0,'2018-11-20 07:16:36','sdfsdf','<p>asdfsdf</p>',66,0,0,'Q','Y'),(70,'winetree',0,'2018-11-20 07:17:17','asdfa','<p>sdfasdf</p>',67,0,0,'Q','Y'),(71,'winetree',0,'2018-11-20 07:17:38','sdf','<p>asdf</p>',68,0,0,'Q','Y'),(72,'winetree',1,'2018-11-21 05:34:28','sfda','<p>asdf</p>',69,0,0,'Q','Y'),(73,'winetree',0,'2018-11-21 05:44:22','safd','<p>sfda</p>',70,0,0,'Q','Y'),(74,'winetree',3,'2018-11-21 05:45:32','asd','<p>asdf</p>',71,0,0,'Q','Y'),(75,'winetree',1,'2018-11-21 06:21:13','sdf','<p>sadf</p>',72,0,0,'Q','Y'),(76,'winetree',0,'2018-11-21 07:22:26','sdfas','<p>dfasdfsdf</p>',73,0,0,'Q','Y'),(77,'winetree',0,'2018-11-21 07:23:52','asdf','<p>sdf</p>',74,0,0,'Q','Y'),(78,'winetree',0,'2018-11-21 07:25:10','asdf','<p>asdf</p>',75,0,0,'Q','Y'),(79,'winetree',0,'2018-11-21 07:26:10','ff','<p>ffff</p>',76,0,0,'Q','Y'),(80,'winetree',0,'2018-11-21 07:30:58','gf','<p>gf</p>',77,0,0,'Q','Y'),(81,'winetree',0,'2018-11-21 07:32:30','sadf','<p>safdfsda</p>',78,0,0,'Q','Y'),(82,'winetree',0,'2018-11-21 07:36:33','safd','<p>safd</p>',79,0,0,'Q','Y'),(83,'winetree',0,'2018-11-21 08:23:52','dd','<p>dd</p>',80,0,0,'Q','Y'),(84,'winetree',1,'2018-11-21 10:13:54','dd','<p>dd</p>',81,0,0,'Q','Y'),(85,'winetree',0,'2018-11-23 05:11:57','asdf','<p>asdf</p>',82,0,0,'Q','Y'),(86,'winetree',0,'2018-11-23 05:19:05','d','<p>d</p>',83,0,0,'Q','Y'),(87,'winetree',0,'2018-11-23 05:20:17','sdf','<p>sdfsdfsdf</p>',84,0,0,'Q','Y'),(88,'winetree',0,'2018-11-23 05:47:12','asdf','<p>sdf</p>',85,0,0,'Q','Y'),(89,'winetree',0,'2018-11-23 05:51:37','d','<p>d</p>',86,0,0,'Q','Y'),(90,'winetree',0,'2018-11-23 05:53:02','d','<p>d</p>',87,0,0,'Q','Y'),(91,'winetree',0,'2018-11-23 05:53:56','d','<p>d</p>',88,0,0,'Q','Y'),(92,'winetree',0,'2018-11-23 05:59:28','dd','<p>dd</p>',89,0,0,'Q','Y'),(93,'winetree',0,'2018-11-23 06:00:45','d','<ul><li>d</li></ul>',90,0,0,'Q','Y'),(94,'winetree',0,'2018-11-23 06:06:18','d','<p>d</p>',91,0,0,'Q','Y'),(95,'winetree',0,'2018-11-23 06:19:39','d','<p>d</p>',92,0,0,'Q','Y'),(96,'winetree',0,'2018-11-23 06:21:21','d','<p>d</p>',93,0,0,'Q','Y'),(97,'winetree',1,'2018-11-23 06:24:57','d','<p>d</p>',94,0,0,'Q','Y'),(98,'winetree',0,'2018-11-23 07:07:33','','<p><br></p>',95,0,0,'Q','Y'),(99,'winetree',0,'2018-11-23 07:15:01','dfs','<p>dsf</p>',96,0,0,'Q','Y'),(100,'winetree',1,'2018-11-23 07:21:03','asdf','<p>asdfasdf</p>',97,0,0,'Q','Y'),(101,'winetree',3,'2018-11-23 07:28:19','123','<p>dsf</p>',98,0,0,'Q','Y'),(102,'winetree',0,'2018-11-23 07:40:07','d','<p>d</p>',99,0,0,'Q','Y'),(103,'winetree',1,'2018-11-23 07:42:22','d','<p>d</p>',100,0,0,'Q','Y'),(104,'winetree',2,'2018-11-23 07:44:43','asdf','<p>asdf</p>',101,0,0,'Q','Y'),(105,'winetree',9,'2018-11-23 07:46:17','asdf','<p>asdf</p>',102,0,0,'Q','Y'),(106,'winetree',28,'2018-11-23 07:49:37','d','<p>d</p>',103,0,0,'Q','Y'),(107,'winetree',0,'2018-11-23 08:07:24','제목입니다','<p>수정</p>',104,0,0,'Q','Y'),(108,'winetree',0,'2018-11-23 08:10:58','new','<p><br></p>',105,0,0,'Q','Y'),(109,'wodl0504',31,'2018-11-25 10:50:15','asdf','<p>asdfasdf</p>',106,0,0,'Q','Y'),(110,'2j2',78,'2018-11-25 10:55:10','sdf','<p>sdf</p>',107,0,0,'Q','Y'),(111,'wodl0504',89,'2018-11-26 01:22:12','newTitle','<p>content</p>',108,0,0,'Q','Y'),(112,'wodl0504',23,'2018-11-26 06:15:30','title','<p>contents</p>',109,0,0,'Q','Y'),(113,'wodl0504',77,'2018-11-27 05:29:52','new 수정ㅇㅇ','<p>texttexttexttexttexttexttextt</p><p>texttexttexttexttexttexttextt</p><p>texttexttexttexttexttexttextt</p><p>texttexttexttextte수정</p><p><br></p>',110,0,0,'Q','Y'),(114,'wodl0504',83,'2018-11-27 10:42:30','title','content',110,1,1,'Q','Y'),(115,'wodl0504',8,'2018-11-28 11:15:00','asdf','',111,0,0,'Q','Y'),(116,'wodl0504',1,'2018-11-28 11:17:52','','',112,0,0,'Q','Y'),(117,'wodl0504',2,'2018-11-28 11:29:46','','',113,0,0,'Q','Y'),(118,'wodl0504',4,'2018-11-28 11:36:43','asdf','content',114,0,0,'Q','Y'),(119,'wodl0504',3,'2018-11-28 11:43:16','asdf','content',115,0,0,'Q','Y'),(120,'wodl0504',5,'2018-11-28 11:50:22','sdf','content',116,0,0,'Q','Y'),(121,'wodl0504',3,'2018-11-28 11:51:13','sdf','<p>asdfasdf</p>',117,0,0,'Q','Y'),(122,'wodl0504',1,'2018-11-28 11:58:32','','',118,0,0,'Q','Y'),(123,'wodl0504',1,'2018-11-28 11:58:39','asdf','',119,0,0,'Q','Y'),(124,'wodl0504',2,'2018-11-28 12:00:36','asdf','',120,0,0,'Q','Y'),(125,'wodl0504',2,'2018-11-28 12:09:35','sadfsdf','',121,0,0,'Q','Y'),(126,'wodl0504',4,'2018-11-28 12:10:30','adsf','',122,0,0,'Q','Y'),(127,'wodl0504',1,'2018-11-28 12:11:41','asdf','',123,0,0,'Q','Y'),(128,'wodl0504',4,'2018-11-28 12:13:49','asdf','',124,0,0,'Q','Y'),(129,'wodl0504',34,'2018-11-28 12:27:57','sadfsdf','',125,0,0,'Q','Y'),(130,'winetree',2,'2018-11-29 04:14:32','asdfsdaf','<p>asdfsdafsd</p>',125,1,1,'Q','Y'),(131,'wodl0504',49,'2018-11-29 04:37:00','333','<p><br></p>',126,0,0,'Q','Y'),(132,'wodl0504',2,'2018-11-29 05:27:57','woooow','<p><br></p>',127,0,0,'Q','Y'),(133,'wodl0504',1,'2018-11-29 05:30:00','woooow','<p><br></p>',128,0,0,'Q','Y'),(134,'wodl0504',2,'2018-11-29 05:38:00','sdfsdfsdfsdfsdfsfdsfdfdsf','',129,0,0,'Q','Y'),(135,'wodl0504',3,'2018-11-29 05:39:39','asdf','',130,0,0,'Q','Y'),(136,'wodl0504',1,'2018-11-29 05:42:41','sadf','',131,0,0,'Q','Y'),(137,'wodl0504',0,'2018-11-29 05:42:56','asdf','',132,0,0,'Q','Y'),(138,'wodl0504',0,'2018-11-29 05:43:02','asdf','',133,0,0,'Q','Y'),(139,'wodl0504',4,'2018-11-29 05:46:42','sdf','',134,0,0,'Q','Y'),(140,'wodl0504',1,'2018-11-29 05:47:51','sadf','',135,0,0,'Q','Y'),(141,'winetree',3,'2018-11-29 05:49:27','234fdsfas','',136,0,0,'Q','Y'),(142,'winetree',1,'2018-11-29 05:53:22','dfasd','',137,0,0,'Q','Y'),(143,'winetree',0,'2018-11-29 05:54:06','','',138,0,0,'Q','Y'),(144,'winetree',2,'2018-11-29 06:05:07','hi','<p>how are you</p>',139,0,0,'Q','Y'),(145,'winetree',1,'2018-11-29 06:06:05','hello','<p>hellooo</p>',140,0,0,'Q','Y'),(146,'winetree',3,'2018-11-29 06:43:33','woooow','',141,0,0,'Q','Y'),(147,'winetree',2,'2018-11-29 06:45:36','hi','',142,0,0,'Q','Y'),(148,'winetree',1,'2018-11-29 06:46:13','woooow','',143,0,0,'Q','Y'),(149,'winetree',1,'2018-11-29 06:47:40','wow','',144,0,0,'Q','Y'),(150,'winetree',2,'2018-11-29 06:48:06','woooow','',145,0,0,'Q','Y'),(151,'winetree',6,'2018-11-29 06:49:12','woooow','<p>wow</p>',146,0,0,'Q','Y'),(152,'winetree',2,'2018-11-29 08:34:48','','<p><br></p>',147,0,0,'Q','Y'),(153,'winetree',2,'2018-11-29 08:38:51','','<p><br></p>',148,0,0,'Q','Y'),(154,'winetree',1,'2018-11-29 08:42:02','asdf','<p>dd</p>',149,0,0,'Q','Y'),(155,'wodl0504',25,'2018-11-29 16:36:56','woooow','<p>hi</p>',150,0,0,'Q','Y'),(156,'winetree',41,'2018-11-29 20:34:56','안녕하세요 새로운 글이에요','<p>ㅎㅇ</p>',151,0,0,'Q','Y'),(157,'wodl0504',32,'2018-11-30 05:32:34','수정글등록','<p>질문있습니다아</p>',152,0,0,'Q','Y'),(158,'wodl0504',30,'2018-11-30 06:03:21','수정','<p>수정</p>',153,0,0,'Q','Y'),(159,'wodl0504',7,'2018-11-30 06:50:18','새글dd','<p>새dd</p>',154,0,0,'Q','Y'),(160,'winetree',16,'2018-11-30 07:02:59','안녕하세요','<h1>하이</h1><p>하이gggg<strong>gg</strong></p>',155,0,0,'Q','Y'),(161,'wodl0504',18,'2018-11-30 07:25:47','New Content','<p>Show!</p>',156,0,0,'Q','Y'),(162,'wodl0504',13,'2018-11-30 07:27:49','hello','<h1>hellohi</h1><h3><strong>wlsgkrp</strong></h3><p><em>didkdkdk</em></p>',157,0,0,'Q','Y'),(163,'wodl0504',25,'2018-11-30 08:26:14','문의사항 수정','<p>질문수정</p>',158,0,0,'Q','Y'),(164,'wodl0504',18,'2018-11-30 08:27:17','공지글입니다ㅎㅎ','<p><strong>진하기</strong></p><p><strong><em>히히</em></strong></p><h1><strong><em><u>밑줄~~~~~ㅎㅎ</u></em></strong></h1>',159,0,0,'N','Y'),(165,'wodl0504',49,'2018-11-30 12:25:48','공지글입니다2','<h1>content<strong>ggggㅎ</strong></h1>',160,0,0,'N','Y'),(166,'wodl0504',153,'2018-12-01 00:44:21','공지글입니다1','<p>ㅎㅎㅎ</p>',161,0,0,'N','Y'),(167,'winetree',29,'2018-12-02 04:12:46','공지글입니다 수정','<p>공지글의 글 수정</p>',162,0,0,'N','Y'),(168,'wodl0504',125,'2018-12-02 05:41:38','woowww','<p>woowwww</p>',163,0,0,'N','Y'),(183,'wodl0504',1,'2018-12-02 15:14:06','<List><List>','<List><List>',163,1,1,'A','Y'),(184,'wodl0504',18,'2018-12-03 00:48:22','Hello','<p>난 조선의 국모다 modify</p>',164,0,0,'Q','Y'),(185,'wodl0504',0,'2018-12-03 00:50:28','hihihiihhihii','hihihihihihihihihi',164,1,1,'A','Y'),(186,'winetree',17,'2018-12-03 00:59:58','재이는 돼지에요오옹','<p>ㅋ</p>',165,0,0,'Q','Y'),(187,'winetree',26,'2018-12-03 01:01:17','파일 업로드 테스트 1수정','<p>수정</p>',166,0,0,'Q','Y'),(188,'winetree',13,'2018-12-03 01:06:10',' 파일 업로드 테스트 2','<p>1ggggg</p>',167,0,0,'Q','Y'),(189,'winetree',20,'2018-12-03 01:18:11','sdf','<p>sdf</p>',168,0,0,'Q','Y'),(190,'winetree',1,'2018-12-03 01:24:29','새로운 글 입니다. ','<p>재이 돼지 </p>',169,0,0,'Q','Y'),(191,'winetree',2,'2018-12-03 01:30:26','재이 예뻐','<p>1</p>',170,0,0,'Q','Y'),(192,'winetree',19,'2018-12-03 01:40:54','재이 화이팅!!!','<p><br></p>',171,0,0,'Q','Y'),(193,'wodl0504',1,'2018-12-03 02:28:29','공지글인가요','<p>네 그렇습니다</p>',172,0,0,'N','Y'),(194,'winetree',62,'2018-12-03 04:45:54','파일업로드 테스트3수정','<p>3수정</p>',173,0,0,'Q','Y'),(195,'winetree',22,'2018-12-03 04:49:43','공지글일리가 없습니다','<p>그쵸?</p>',174,0,0,'Q','Y'),(196,'wodl0504',3,'2018-12-03 05:06:19','공지글입니다 수정사항','<p>ㅎㅎㅎ없지롱ㅎ</p>',175,0,0,'N','Y'),(197,'wodl0504',11,'2018-12-03 05:12:02','공지글인가요 네','<p>네ㄴ</p>',176,0,0,'N','Y'),(198,'wodl0504',46,'2018-12-03 06:10:14','글수정','<p>글tnwjd</p>',177,0,0,'N','Y'),(199,'wodl0504',6,'2018-12-03 06:13:06','공지글인가요','<p>ㅎㅎ</p>',178,0,0,'N','Y'),(200,'winetree',5,'2018-12-03 07:18:13','글을 올려요','<p>올령ㅇ</p>',179,0,0,'Q','Y'),(201,'winetree',69,'2018-12-03 07:19:26','ㅁㄴㅇㄹ','<p>ㄹㄴㅇㅁㅁㄹㄴㅇㄹ</p>',180,0,0,'Q','Y'),(202,'wodl0504',21,'2018-12-03 11:51:00','공지글인가요','<p>그럴걸요</p>',181,0,0,'N','Y'),(203,'wodl0504',39,'2018-12-03 12:04:28','일단 공지글이구요','<p>맞아요 공지에요</p>',182,0,0,'N','Y'),(204,'wodl0504',3,'2018-12-03 12:52:23','파일업로드 다시 해보긔','<p>긔긔</p>',183,0,0,'N','Y'),(205,'wodl0504',0,'2018-12-03 13:32:17','none','  헤헷',180,6,1,'A','Y'),(206,'wodl0504',0,'2018-12-03 13:37:11','none','답변 달아줄게용~!',180,5,1,'A','Y'),(207,'wodl0504',0,'2018-12-03 13:42:23','none','수정',171,1,1,'A','Y'),(208,'wodl0504',0,'2018-12-03 14:00:18','none','아니에요',165,1,1,'A','Y'),(209,'wodl0504',0,'2018-12-03 14:01:40','none','이거 돼요  돼2 이거 돼요  돼2 이거 돼요  돼2 이거 돼요  돼2 이거 돼요  돼2 이거 돼요  돼2 이거 돼요  돼2 이거 돼요  돼2 이거 돼요  돼2 이거 돼요  돼2 이거 돼요  돼2 이거 돼요  돼2 이거 돼요  돼2 이거 돼요  돼2 이거 돼요  돼2 이거 돼요  돼2 이거 돼요  돼2 이거 돼요  돼2 이거 돼요  돼2 이거 돼요  돼2 이거 돼요  돼2 이거 돼요  돼2 이거 돼요  돼2 이거 돼요  돼2 이거 돼요  돼2 이거 돼요  돼2 이거 돼요  돼2 이거 돼요  돼2 이거 돼요  돼2 이거 돼요  돼2 이거 돼요  돼2 이거 돼요  돼2 이거 돼요  돼2 ',166,6,1,'A','Y'),(210,'wodl0504',0,'2018-12-03 14:01:55','none','sdf 가 뭐에요?',168,2,1,'A','Y'),(211,'wodl0504',0,'2018-12-03 14:04:21','none','외국어 할 줄 알아요?',157,1,1,'A','Y'),(212,'wodl0504',0,'2018-12-04 01:07:41','none','답글이에요!',156,1,1,'A','Y'),(213,'wodl0504',0,'2018-12-04 01:16:36','none','sdf 가 뭐에요? 수정  ㅎㅎ',168,1,1,'A','Y'),(214,'wodl0504',0,'2018-12-04 01:46:15','none',' 답변을 달아요',173,2,1,'A','Y'),(215,'wodl0504',0,'2018-12-04 01:52:47','none','답변',173,1,1,'A','Y'),(216,'wodl0504',0,'2018-12-04 02:02:16','none',' 달기ㅡ',180,4,1,'A','Y'),(217,'wodl0504',0,'2018-12-04 02:02:23','none',' 달기ㅡ',180,3,1,'A','Y'),(218,'wodl0504',0,'2018-12-04 02:02:32','none',' 달기ㅡ',180,2,1,'A','Y'),(219,'wodl0504',0,'2018-12-04 02:02:33','none',' 달기ㅡ  ',180,1,1,'A','Y'),(220,'wodl0504',0,'2018-12-04 02:06:33','none',' 답변달지요~',166,5,1,'A','Y'),(221,'wodl0504',0,'2018-12-04 02:07:20','none',' 답변달지요~',166,4,1,'A','Y'),(222,'wodl0504',0,'2018-12-04 02:07:21','none',' 답변달지요~',166,3,1,'A','Y'),(223,'wodl0504',0,'2018-12-04 02:07:23','none','답변',166,2,1,'A','Y'),(224,'wodl0504',0,'2018-12-04 04:24:55','none',' ㅇㅇㅇ',166,1,1,'A','Y'),(225,'강남역3번출구 스타벅스 사장',24,'2018-12-04 05:33:15','스타벅스 포스기 설치 문의올립니다','<p>아래 파일을 확인해주세요.</p>',184,0,0,'Q','N'),(226,'아지매순댓국 사장',40,'2018-12-04 05:34:00','아지매순댓국 사장','<p>포스기에 포인트 적립은 안되나요?</p>',185,0,0,'Q','N'),(227,'역곡역 삼층카페 사장',31,'2018-12-04 05:35:13','문의사항 올립니다','<h1><strong><u>새로운 메뉴</u></strong> 추가는 어떻게 하나요?</h1>',186,0,0,'Q','N'),(228,'신림역 할리스 사장',4,'2018-12-04 05:38:11','장사가 잘 안돼요','<h1>그래서 포스시스템을 도입하려하는데 계약은 <em>어떻게</em> 진행하면 되나요</h1><p>제가 알기론 아래 계약서를 작성 후 메일 제출하라는데 맞나요?</p>',187,0,0,'Q','Y'),(229,'PosSystem관리자',8,'2018-12-04 05:42:38','★공지사항입니다★','<p>포스시스템 회원이 되신걸 환영합니다.</p><p>아래 양식에 맞게 서류를 작성해주신 후 메일로 보내주시기 바랍니다.</p><p><a href=\"mailto:wodl0504@naver.com\" target=\"_blank\">wodl0504@naver.com</a></p>',188,0,0,'Q','Y'),(230,'PosSystem관리자',1,'2018-12-04 05:44:38','234','<p>324</p>',189,0,0,'N','Y'),(231,'PosSystem관리자',16,'2018-12-04 05:48:01','★★회원 가입 후 공지사항 확인해주세요★★','<h1>아래 파일 양식을 확인해주세요^^</h1><p><br></p>',190,0,0,'N','N'),(232,'PosSystem관리자',19,'2018-12-04 05:49:50','※문의 글 올릴 시 주의사항입니다※','<p>문의 사항과 관련없는 글은 <strong><em><u>삭제됨</u></em></strong>을 염두해주시기 바랍니다</p>',191,0,0,'N','N'),(233,'백종원',53,'2018-12-04 06:05:06','이거 해서 제 가게 매출 못 따라잡잖아요','<p>화이팅하세요^^</p>',192,0,0,'Q','N'),(234,'winetree',0,'2018-12-04 06:09:39','none','몰라요 ',185,1,1,'A','N'),(235,'starbucks',7,'2018-12-05 14:15:48','제목이에요.','<p> 글 입니다.</p>',193,0,0,'Q','Y'),(236,'starbucks',3,'2018-12-05 14:16:33','ㅇ','<p>ㅇ</p>',194,0,0,'Q','Y'),(237,'wodl0504',2,'2018-12-05 14:19:45','test','<p>test</p>',195,0,0,'N','Y'),(238,'wodl0504',2,'2018-12-05 14:25:16','tesee','<p>dd</p>',196,0,0,'N','Y'),(239,'wodl0504',2,'2018-12-05 14:26:48','test','<p>test</p>',197,0,0,'N','Y'),(240,'wodl0504',1,'2018-12-05 14:28:31','testttt','<p>testttttt</p>',198,0,0,'N','Y'),(241,'wodl0504',1,'2018-12-05 14:29:30','testtt','<p>tttt</p>',199,0,0,'N','Y'),(242,'wodl0504',3,'2018-12-05 14:30:30','testtest','<p>testtest</p>',200,0,0,'N','Y'),(243,'winetree',1,'2018-12-06 13:33:47','test','<p>test</p>',201,0,0,'N','Y'),(244,'wodl0504',6,'2018-12-11 21:30:11','wodl','<h1>wodlwodlwodlmofify</h1>',202,0,0,'N','Y'),(245,'wodl0504',8,'2018-12-23 00:51:57','재이 수정해야됌 이거 보삼','<p>회원가입 왜안됌 ㅠ?</p><p> 포스 들와서 메뉴관리들왓는데</p><p> 추가 -&gt;</p><p> 카페라떼</p><p>커피</p><p>Ryan이 만든 카페라떼</p><p>5,500원</p><p>이거</p><p> 등록안됌</p><p> 참조바람</p><p><br></p><p>[김량규_Ryan] [오전 12:43] 상품명에</p><p>[김량규_Ryan] [오전 12:43] 숫자만 등록되나</p><p>[김량규_Ryan] [오전 12:43] 한글 등록안되는데?</p><p>[김량규_Ryan] [오전 12:43] 영</p><p>판매내역에 영수증 재출력에 왜 새페이지 하나 더만듬</p><p>테이블관리는 뭐여...</p><p>입력도안했는데 만들기 되고있어 ㄷㄷ;</p><p>테이블관리 이거 수정도 수정되는지 잘 모르겠네&nbsp;</p><p>ui 수정해야될듯</p><p>수정되는데 뭐 눌러서 수정해야되넹</p><p><br></p><p><br></p><p>[김량규_Ryan] [오전 12:47] ㅇ?</p><p>[김량규_Ryan] [오전 12:48] 안되는게 아니라</p><p>[김량규_Ryan] [오전 12:48] 한글이 안됨</p><p>[김량규_Ryan] [오전 12:48] 숫자만 입력했잖음 보면</p><p>[김량규_Ryan] [오전 12:48] 판매 -&gt; 테이블 선택해서 결제 해버리면 테이블 지워져야되는거 아님?</p><p>[김량규_Ryan] [오전 12:48] 아닌가?</p><p><br></p><p><br></p>',203,0,0,'N','Y'),(246,'wodl0504',2,'2018-12-30 18:00:32','gg','<p>gg</p>',204,0,0,'N','Y'),(247,'wodl0504',0,'2018-12-30 18:01:20','none',' 응\r\n',192,2,1,'A','Y'),(248,'wodl0504',0,'2019-01-03 16:17:56','none',' 123',192,1,1,'A','N'),(250,'wodl0504',2,'2019-01-13 13:51:11','test','test',205,0,0,'N','Y'),(251,'winetree',1,'2019-03-07 22:36:00','df','<p>asdf</p>',206,0,0,'N','Y');
/*!40000 ALTER TABLE `SERVICE_BOARD` ENABLE KEYS */;
UNLOCK TABLES;

--
-- Table structure for table `SERVICE_FILE`
--

DROP TABLE IF EXISTS `SERVICE_FILE`;
/*!40101 SET @saved_cs_client     = @@character_set_client */;
/*!40101 SET character_set_client = utf8 */;
CREATE TABLE `SERVICE_FILE` (
  `FILE_SEQ` int(11) NOT NULL AUTO_INCREMENT,
  `BOARD_SEQ` int(11) NOT NULL,
  `ORIGIN_FNAME` varchar(500) NOT NULL,
  `STORED_FNAME` varchar(500) NOT NULL,
  `FILE_SIZE` int(11) NOT NULL,
  `REGDATE` datetime NOT NULL,
  `DELFLAG` char(2) NOT NULL DEFAULT 'N',
  PRIMARY KEY (`FILE_SEQ`),
  KEY `SERVICE_FILE_FK` (`BOARD_SEQ`),
  CONSTRAINT `SERVICE_FILE_FK` FOREIGN KEY (`BOARD_SEQ`) REFERENCES `SERVICE_BOARD` (`BOARD_SEQ`)
) ENGINE=InnoDB AUTO_INCREMENT=154 DEFAULT CHARSET=utf8;
/*!40101 SET character_set_client = @saved_cs_client */;

--
-- Dumping data for table `SERVICE_FILE`
--

LOCK TABLES `SERVICE_FILE` WRITE;
/*!40000 ALTER TABLE `SERVICE_FILE` DISABLE KEYS */;
INSERT INTO `SERVICE_FILE` VALUES (1,1,'ORIGIN_FNAME','STORED_FNAME',35342,'2018-11-02 00:00:00','N'),(2,1,'ORIGIN_FNAME','STORED_FNAME',35342,'2018-11-02 00:00:00','N'),(3,56,'','',0,'2018-11-19 02:38:14','N'),(4,57,'KakaoTalk_20180906_212225617.jpg','7709a49e-a787-4598-a58c-40dce93b55b2.jpg',1332515,'2018-11-20 05:49:55','Y'),(5,58,'야구게임.xlsx','2b2dfe25-3bf0-4930-a993-8db567911507.xlsx',10628,'2018-11-20 06:53:35','N'),(6,59,'programming-look-and-say-sample.pdf','da232067-3b91-4840-a0df-eba649459d01.pdf',1378150,'2018-11-20 06:53:50','N'),(7,61,'UML-유스케이스-2.pdf','9df5cd11-45e4-4d9d-8d36-2d03c927e37f.pdf',1538303,'2018-11-20 06:58:06','N'),(8,62,'프론트엔드_이재이.pdf','dd2fe650-47a4-4ff6-85cc-d5ab448bbfe5.pdf',208133,'2018-11-20 06:59:01','N'),(9,63,'어벤져스_포커.xlsx','d3e5dfaf-0d89-4c6f-ae43-e8c8febf2c06.xlsx',80217,'2018-11-20 07:10:27','N'),(10,64,'nuu.mp3','71d86fef-01c7-43b4-ab9c-bec4ea960225.mp3',251520,'2018-11-20 07:12:07','Y'),(11,65,'프론트엔드_이재이.pdf','34abfec7-f2d2-47f4-85bd-6888c4ba0f1c.pdf',208133,'2018-11-20 07:13:12','N'),(12,66,'야구게임.xlsx','9c804ce0-9afa-49a2-b525-ac8d3479e089.xlsx',10628,'2018-11-20 07:13:41','Y'),(13,67,'if_user-01_186382.png','1fae3b00-fad4-4ca9-9077-14229596b855.png',14006,'2018-11-20 07:15:55','Y'),(14,71,'야구게임.xlsx','4925c6fd-ec2b-4add-8c45-5494fa51ca80.xlsx',10628,'2018-11-20 07:17:38','N'),(15,72,'20180727.txt','e620eb09-d6a3-4ed5-891f-1224dc2f828d.txt',848,'2018-11-21 05:34:28','N'),(16,73,'수원대 서양화 포스터 (1).pdf','00268c65-03b5-4ef7-b73b-dc5719860e7b.pdf',13935,'2018-11-21 05:44:22','Y'),(17,74,'학교,갤러리팀 명단.xlsx','8988d207-8457-4c64-9fca-7c65d1a30c48.xlsx',10052,'2018-11-21 05:45:32','N'),(18,75,'jquery09.html','10429f7b-4e77-47f8-a7e0-6eaf7f19055a.html',2057,'2018-11-21 06:21:13','N'),(19,82,'학교,갤러리팀 명단.xlsx','88c8a1b4-94dc-47f0-a10e-777a6d50a003.xlsx',10052,'2018-11-21 07:36:34','Y'),(20,83,'search.htm','ee81697d-76f7-478d-90c2-84161b7f5ac2.htm',702910,'2018-11-21 08:23:52','N'),(21,84,'학교,갤러리팀 명단.xlsx','a231b2d8-fdac-43bf-89a4-ab1fe8a442c7.xlsx',10052,'2018-11-21 10:13:55','N'),(22,85,'프론트엔드_이재이.pdf','bc15d05d-52f4-4850-9496-048617b906cd.pdf',208133,'2018-11-23 05:11:58','N'),(23,86,'어벤져스_포커.xlsx','29e91a85-ad90-477b-b5be-e567b9494397.xlsx',80217,'2018-11-23 05:19:05','N'),(24,87,'야구게임.xlsx','f9ceef4a-5ba6-4868-8a02-a420cb662a31.xlsx',10628,'2018-11-23 05:20:17','N'),(25,88,'학교,갤러리팀 명단 (2).xlsx','ba9a0f66-3399-446d-b8a6-cfcd5970aa1c.xlsx',10052,'2018-11-23 05:47:12','N'),(26,89,'학교,갤러리팀 명단.xlsx','60a2cb3e-5971-499f-bce7-88d2fb6be622.xlsx',10052,'2018-11-23 05:51:37','N'),(27,90,'학교,갤러리팀 명단 (2).xlsx','55e2bbc3-2bd7-4c92-bc5d-5a06a2b1dfea.xlsx',10052,'2018-11-23 05:53:02','N'),(28,91,'학교,갤러리팀 명단.xlsx','baea6f06-d269-4b03-892c-4661078eead5.xlsx',10052,'2018-11-23 05:53:56','N'),(29,92,'학교,갤러리팀 명단.xlsx','03a139ed-cdd6-49c2-ade9-1a29e402e1a5.xlsx',10052,'2018-11-23 05:59:28','N'),(30,93,'학교,갤러리팀 명단 (2).xlsx','cd0fbff5-f1be-4fb8-b37b-9aa45f18ce66.xlsx',10052,'2018-11-23 06:00:45','N'),(31,94,'학교,갤러리팀 명단 (2).xlsx','556bf9ec-bf15-4f3c-bc24-909489f72ea2.xlsx',10052,'2018-11-23 06:06:18','N'),(32,95,'02. POS System FBS(Functions Breakdown Structure).xlsx','b9b47059-73ad-480d-81f8-8975fe2bb186.xlsx',28170,'2018-11-23 06:19:39','N'),(33,96,'학교,갤러리팀 명단 (2) (1).xlsx','66479739-b7d9-41b7-a14c-d36515500811.xlsx',10052,'2018-11-23 06:21:21','N'),(34,97,'프로젝트일정.pdf','9a536b5c-a54c-422f-9511-312582260db2.pdf',37424,'2018-11-23 06:24:57','N'),(35,99,'프로젝트 계획서.hwp','e714cb66-75dc-4ce2-ac8a-074b3ded6260.hwp',100352,'2018-11-23 07:15:01','N'),(36,100,'학교,갤러리팀 명단.xlsx','466d651e-cb36-461e-b338-e34526537860.xlsx',10052,'2018-11-23 07:21:03','N'),(37,101,'프로젝트 계획서.hwp','fe9defe3-4878-4741-a071-e5ed73e1b688.hwp',100352,'2018-11-23 07:28:19','N'),(38,102,'학교,갤러리팀 명단.xlsx','90e58297-e2a8-4e78-a919-797c98830685.xlsx',10052,'2018-11-23 07:40:07','N'),(39,103,'어벤져스_포커.xlsx','79a1a19e-4ed4-41f2-8b48-10515aad2f51.xlsx',80217,'2018-11-23 07:42:22','N'),(40,104,'수원대 서양화 포스터 (1).pdf','bd6c7aa2-6c29-4e71-82fc-bcda6aa87d66.pdf',13935,'2018-11-23 07:44:43','N'),(41,105,'어벤져스_포커.xlsx','695e159b-8b57-495d-b8f0-92a571128e00.xlsx',80217,'2018-11-23 07:46:17','N'),(42,106,'학교,갤러리팀 명단.xlsx','f9695436-40c3-48c7-9a10-9e69916d138b.xlsx',10052,'2018-11-23 07:49:37','N'),(43,107,'시험_상황.xlsx','e9903f05-3d7c-4653-b753-c0d188b7d988.xlsx',10773,'2018-11-23 08:07:24','Y'),(49,113,'쌤.txt','b6a7731e-3d7f-4b08-976c-60a938c83a02.txt',214,'2018-11-27 06:28:49','Y'),(50,113,'정규화.docx','784eadcf-fa46-46bd-9821-f3bb40981836.docx',13592,'2018-11-27 06:29:09','Y'),(51,113,'쌤.txt','d2df4861-d1bd-4bcf-ac81-cc6562043c76.txt',214,'2018-11-27 06:31:07','Y'),(52,113,'쌤.txt','45376e58-5ac4-4a12-81ac-0e892f36e49c.txt',214,'2018-11-27 06:33:33','N'),(53,113,'VersionNo.ini','3975059c-177f-4a3f-90aa-d880d224c7fa.ini',35,'2018-11-27 06:40:20','N'),(54,113,'config.ini','f668f3c3-87bd-4cdc-8f5a-28f2cdf14aea.ini',1787,'2018-11-27 06:40:56','N'),(55,113,'VersionNo.ini','ed17baea-ffde-4194-8ff2-3e0918f824dd.ini',35,'2018-11-27 06:46:00','Y'),(56,113,'VersionNo.ini','69a2af12-ba1b-4c0f-aa18-0cb28f196a44.ini',35,'2018-11-27 06:49:50','Y'),(57,113,'config.ini','0435594f-20b7-471f-99d7-c0c8613de5b8.ini',1787,'2018-11-27 07:17:15','Y'),(58,152,'Aiview32.exe','022a302b-82c0-42a5-a903-47126e2270ea.exe',1734008,'2018-11-29 08:34:48','N'),(59,153,'chrome.exe','e200b549-94b8-4db1-aaca-0acab9ceb083.exe',1589080,'2018-11-29 08:38:51','N'),(60,154,'chrome.exe','22c34bb0-90f3-4f13-8c61-42fe6f57a906.exe',1589080,'2018-11-29 08:42:02','N'),(61,155,'if_office-45_809584.png','4cd12fff-bc5f-4e77-ab6b-39a23e22efda.png',412,'2018-11-29 16:36:56','Y'),(62,157,'초대장후면.psd','a6e8d88f-4adf-4ccc-b51b-eb1bd7487c43.psd',763438,'2018-11-30 05:32:34','Y'),(63,159,'초대장전면.psd','a93884d5-446e-4591-b931-4a1127dfc92f.psd',1016009,'2018-11-30 06:50:18','Y'),(64,161,'캡처.PNG','7cb00b9c-1f57-401d-906f-e501d5ba14c3.PNG',20433,'2018-11-30 07:25:47','N'),(65,162,'캡처.PNG','165647cb-6d45-49c6-8ff0-aea66a078129.PNG',20433,'2018-11-30 07:27:49','N'),(66,163,'시험_상황.xlsx','d0fbd153-8a32-4aaf-9079-cfccdd93afad.xlsx',11694,'2018-11-30 08:26:14','Y'),(67,165,'집중공간_재원생_181123(2).xlsx','56e66756-47c0-4a73-978d-5a6406414408.xlsx',67375,'2018-11-30 12:25:48','Y'),(68,166,'캡처.PNG','79177757-b9c1-4b43-879a-da257fafbe56.PNG',20433,'2018-12-01 00:44:21','Y'),(69,166,'캡처.PNG','6b526e45-6a8d-481e-a247-fd6c9e1d6eae.PNG',20433,'2018-12-01 00:54:13','Y'),(70,166,'초대장후면.psd','3087a6f7-632b-4e3e-a138-4c572201272f.psd',763438,'2018-12-01 00:54:34','Y'),(71,166,'ALMind1.exe','ce27d28d-25b4-4a72-996e-39fb95fc52f7.exe',5338840,'2018-12-01 06:43:17','Y'),(72,167,'XMLParser.dll','c9dcdda2-2602-433b-88df-5839e031e6aa.dll',73432,'2018-12-02 05:40:39','Y'),(73,168,'ALUpdate.dll','fa06c417-3afd-4fc0-8cb9-a258aa3d26af.dll',511704,'2018-12-02 05:59:32','Y'),(74,168,'ALMind1.exe.manifest','fd99dc15-1045-4bfb-9610-817956711846.manifest',1512,'2018-12-02 05:59:53','Y'),(75,186,'Untitled.sql','2e52919b-11eb-43bf-bf09-b7fe4b0ec003.sql',31,'2018-12-03 00:59:58','N'),(76,187,'leaf_autumn_shadow_130304_3840x2160.jpg','2c815adc-b1cc-4790-9519-bb5e66bab392.jpg',924194,'2018-12-03 01:01:17','Y'),(77,188,'leaf_autumn_shadow_130304_3840x2160.jpg','8e3c688a-182f-4551-a0f8-82f3a707d650.jpg',924194,'2018-12-03 01:06:10','Y'),(78,189,'leaf_autumn_shadow_130304_3840x2160.jpg','f632f5ea-03a9-4115-99a0-25eb13978eaa.jpg',924194,'2018-12-03 01:18:11','N'),(79,190,'leaf_autumn_shadow_130304_3840x2160.jpg','6cf31925-5071-4f7a-8625-30aec993aeb3.jpg',924194,'2018-12-03 01:24:29','Y'),(80,191,'leaf_autumn_shadow_130304_3840x2160.jpg','fbdb1867-5bb5-4b21-bb31-e1b68dcd1360.jpg',924194,'2018-12-03 01:30:26','Y'),(81,193,'삐에로 같던 아이.txt','ad80857a-4a91-4d59-8334-5215a811e179.txt',59,'2018-12-03 04:44:25','N'),(82,193,'삐에로 같던 아이.txt','4040998e-0df6-46bf-a56c-93b555da5f6d.txt',59,'2018-12-03 04:45:23','N'),(83,194,'삐에로 같던 아이.txt','bbb6d989-712c-4cce-bb59-656800fae9be.txt',59,'2018-12-03 04:45:54','Y'),(88,196,'학교,갤러리팀 명단 (1).xlsx','adcf60d4-ed85-42b8-ae66-05d25d7c722d.xlsx',10052,'2018-12-03 05:10:37','N'),(89,196,'학교,갤러리팀 명단 (1).xlsx','1eb4f369-b4cc-483c-ab26-5a16291ec2ed.xlsx',10052,'2018-12-03 05:11:01','N'),(90,197,'학교,갤러리팀 명단 (1).xlsx','7e3c9f3e-3e8b-4046-8689-abfc8e5451e6.xlsx',10052,'2018-12-03 05:12:02','Y'),(91,197,'학교,갤러리팀 명단.xlsx','4dc35694-8b4c-4503-8d3d-5b96f2fd8622.xlsx',10052,'2018-12-03 05:12:16','N'),(92,197,'학교,갤러리팀 명단 (1).xlsx','c4e47afa-8030-45b5-b715-0ea36829df4c.xlsx',10052,'2018-12-03 05:15:27','N'),(93,197,'정보처리기사20160508(해설집).hwp','fc8b60f7-bc39-4b11-81e7-865093d930fa.hwp',397312,'2018-12-03 05:17:35','N'),(94,198,'쌤.txt','7dacf907-cf03-4f37-a1db-cc5ef0a2e7fe.txt',214,'2018-12-03 06:10:15','Y'),(95,199,'수원대-서양화(세로엽서).pdf','5d00757b-7dcf-49a3-a247-11c041189146.pdf',740728,'2018-12-03 06:13:06','Y'),(96,199,'search.htm','8d4ee4f6-9c58-4d9b-8fcc-77ce9e372756.htm',702910,'2018-12-03 06:47:52','N'),(97,200,'학교,갤러리팀 명단.xlsx','4bdf6218-6fc6-4cf2-a0bb-b99fa9f45ab4.xlsx',10052,'2018-12-03 07:18:13','Y'),(98,200,'프론트엔드_이재이.pdf','efcad089-2f25-4964-9a15-d68f4da95d82.pdf',208133,'2018-12-03 07:18:57','Y'),(99,200,'0_스캔_180705.zip','21963f4a-cd8e-4439-b66d-f6195b4512db.zip',1089415,'2018-12-03 07:19:11','Y'),(100,201,'0_스캔_180705.zip','4e33965f-87b5-446e-a3a6-2d6bacd9e200.zip',1089415,'2018-12-03 07:19:26','Y'),(101,201,'학교,갤러리팀 명단 (1).xlsx','04547dc5-6e42-45ef-a0f5-73a4f2cec89a.xlsx',10052,'2018-12-03 08:21:08','Y'),(102,201,'if_museum_82812.png','4d9a0d25-0a00-43fc-9884-52132a37ca0d.png',1070,'2018-12-03 08:21:52','Y'),(103,201,'프론트엔드_이재이.pdf','0a09e081-36b7-4336-bec6-0303486569fd.pdf',208133,'2018-12-03 08:24:39','Y'),(104,201,'학교,갤러리팀 명단 (1).xlsx','dd1d6274-a03c-45ed-8494-d60065cbadcf.xlsx',10052,'2018-12-03 08:43:47','Y'),(105,201,'학교,갤러리팀 명단.xlsx','15912c64-cc55-48a0-9688-3b0ec12779a6.xlsx',10052,'2018-12-03 08:47:07','Y'),(106,201,'프론트엔드_이재이.pdf','10aef5a8-e347-4ae9-a0c2-a15994ec67c8.pdf',208133,'2018-12-03 11:29:31','Y'),(107,201,'프론트엔드_이재이.pdf','2bfdd7ab-8d7c-4f2d-a0a0-1159ecc7bfa9.pdf',208133,'2018-12-03 11:38:35','Y'),(108,201,'reset.css','03e36bfe-4ff2-4be3-b600-b5d9d9a0bc1a.css',2157,'2018-12-03 11:46:23','Y'),(109,202,'reset.css','a5190d2f-3090-4766-9b59-ffc6f65068f8.css',2157,'2018-12-03 11:51:00','Y'),(110,202,'ㅎㅎㅎ.png','c79c0860-f69c-4ae4-8b1e-d3dcf71e6f9d.png',29193,'2018-12-03 12:01:04','Y'),(111,202,'캡처.PNG','16558a10-d1c0-41d5-986b-db1e4d5db8e8.PNG',20433,'2018-12-03 12:03:17','Y'),(112,202,'캡처.PNG','e1b55392-460c-4b38-bc92-0be7191ecc8b.PNG',20433,'2018-12-03 12:03:35','N'),(113,203,'캡처.PNG','3f8c0975-b5d3-4b5b-ba08-fceb9e16bd80.PNG',20433,'2018-12-03 12:04:43','Y'),(114,203,'0_스캔_180705.zip','a30460be-9ea6-4ae4-b0d6-29f23c733208.zip',1089415,'2018-12-03 12:09:07','Y'),(115,203,'uTorrent.zip','4fa34534-e29a-4240-87c9-73440f3cb07f.zip',908176,'2018-12-03 12:50:02','Y'),(116,203,'WBS_Sample.xls','25329766-0ebb-4ead-a1a1-97dafca217f4.xls',65536,'2018-12-03 12:50:23','Y'),(117,203,'0_스캔_180705.zip','ffb69ace-c26a-4218-ba84-cd50e7083bfe.zip',1089415,'2018-12-03 12:51:15','Y'),(118,203,'0_스캔_180705.zip','7eb8ba36-4f81-4d63-86f5-2aee216a3530.zip',1089415,'2018-12-03 12:51:34','Y'),(119,203,'OFL.txt','afd8e48e-024e-41e5-9a7f-72f937514457.txt',4437,'2018-12-03 12:51:46','Y'),(120,204,'Anton-Regular.ttf','c3dd110c-3c78-49c3-8860-c630f7cc5e24.ttf',79396,'2018-12-03 12:52:23','Y'),(121,204,'OFL.txt','f2c4b280-83d1-4c7a-888f-38870ca038a4.txt',4437,'2018-12-03 12:52:34','Y'),(122,204,'OFL.txt','1e518efd-d785-458c-822f-5306c96af7f8.txt',4437,'2018-12-03 13:02:20','N'),(123,204,'Anton-Regular.ttf','4dd27b12-e058-4fb9-8239-6af36b700f22.ttf',79396,'2018-12-03 13:02:31','N'),(124,204,'OFL.txt','56b45fcd-8b3e-4ce4-b07f-b1b64ae01d21.txt',4437,'2018-12-03 13:03:15','N'),(125,201,'OFL.txt','c84d8887-8d0e-42af-8fb3-d8143b5b8dec.txt',4437,'2018-12-03 13:12:34','Y'),(126,203,'ㅎㅎㅎ.png','de6d3f0b-598e-4213-81b9-0e533fc204d3.png',29193,'2018-12-03 13:14:04','N'),(127,201,'ㅎㅎㅎ.png','64bf87a7-667b-4ba5-a87b-cc4b86562de7.png',29193,'2018-12-03 13:14:20','Y'),(128,201,'초대장전면.psd','344aea4d-1987-47d1-90da-0f1ca292f221.psd',1016009,'2018-12-03 13:14:33','Y'),(129,157,'ㅎㅎㅎ.png','041603a2-e65c-4ded-a117-ef8cd380fccc.png',29193,'2018-12-03 13:19:25','Y'),(130,164,'제목 없음-1.psd','7ec3f0d5-1d1e-41f7-97fa-68ba91b650f2.psd',888939,'2018-12-04 05:25:36','N'),(131,227,'계약서_양식.PNG','18baa7c1-4125-4849-9703-56b65c9df097.PNG',20433,'2018-12-04 05:38:11','Y'),(132,228,'posSystem서류작성.xlsx','0138b850-cc28-4f7d-bec3-98e4458bf384.xlsx',10883,'2018-12-04 05:42:38','Y'),(133,230,'posSystem서류작성.xlsx','f369fd72-1181-496b-adec-4b9ae374f881.xlsx',10883,'2018-12-04 05:48:01','N'),(134,226,'아이디어맵_왓플03.pptx','2b250225-2a6a-48f4-9335-603266a2b909.pptx',1821259,'2018-12-04 06:09:29','Y'),(135,227,'야구게임.xlsx','75459c2f-cf98-4ed2-9248-eb1477efc140.xlsx',10628,'2018-12-04 15:37:21','Y'),(136,227,'잘못된_파일_업로드.xlsx','d9b2cdda-79d5-47dc-9382-97ea0153f259.xlsx',10052,'2018-12-04 15:37:57','Y'),(137,227,'잘못된_파일_업로드.xlsx','0d18feba-4f54-4825-b163-5fcec28ca0bc.xlsx',10052,'2018-12-04 15:37:58','N'),(138,231,'posSystem서류작성.xlsx','870a569d-ff8e-4dcb-beda-12e0de1bc57c.xlsx',10883,'2018-12-04 15:38:57','N'),(139,234,'USIM.pdf','4d366056-439d-4bbe-b0bd-4baf50a8c85b.pdf',864266,'2018-12-05 14:15:48','N'),(140,235,'프로젝트 계획서.hwp','8d801717-f705-49ee-8bbc-d614855a802c.hwp',100352,'2018-12-05 14:16:14','Y'),(141,235,'프로젝트 계획서.hwp','bac66dec-7ae7-4ce5-840f-b798c5fc43fe.hwp',100352,'2018-12-05 14:16:33','Y'),(142,236,'어벤져스_포커.xlsx','1cf7c370-2d11-4507-b8c7-cc65eb45a1f6.xlsx',80217,'2018-12-05 14:19:45','N'),(143,237,'0_스캔_180705.zip','71aed760-0f53-42db-9fa9-ace27016ebfc.zip',1089415,'2018-12-05 14:21:11','Y'),(144,237,'2주2-1 (1).docx','6af7be87-3fd2-458b-84b9-99d3888b6827.docx',17795,'2018-12-05 14:25:16','N'),(145,238,'0_스캔_180705.zip','364e6f48-e6aa-4ba6-a28a-d693412e621f.zip',1089415,'2018-12-05 14:26:48','N'),(146,1,'0_스캔_180705.zip','af5fd24a-fc62-4a3a-9616-81a6552babde.zip',1089415,'2018-12-05 14:28:31','N'),(147,1,'0_스캔_180705.zip','6df5fb01-a175-4db6-ac76-49b5c6c15b3f.zip',1089415,'2018-12-05 14:29:30','N'),(148,242,'0_스캔_180705.zip','0433dfd1-5b8c-4a38-8bb3-7d4386ef8fde.zip',1089415,'2018-12-05 14:30:30','Y'),(149,243,'수업목차.txt','88bf49f2-74ef-4c0c-b608-fa06e675a1af.txt',282,'2018-12-06 13:33:47','Y'),(150,232,'집중공간 근무표(12월1일~12월31일).xlsx','860f4f9d-9475-436c-9f9a-2219c05f7469.xlsx',16146,'2018-12-16 10:45:04','N'),(151,246,'blockchain.png','2ae332bf-59a2-4ffd-af33-523ddb2a4a36.png',4207,'2018-12-30 18:00:33','Y'),(152,225,'posSystemFile.docx','d539c918-b505-4cb7-95d8-d2ba3717b95f.docx',567584,'2019-01-10 13:53:24','N'),(153,226,'posSystemFile.docx','03fb558c-9114-4ffd-a9c9-14163e6303d2.docx',567584,'2019-01-11 19:40:06','N');
/*!40000 ALTER TABLE `SERVICE_FILE` ENABLE KEYS */;
UNLOCK TABLES;

--
-- Table structure for table `SERVICE_STORE`
--

DROP TABLE IF EXISTS `SERVICE_STORE`;
/*!40101 SET @saved_cs_client     = @@character_set_client */;
/*!40101 SET character_set_client = utf8 */;
CREATE TABLE `SERVICE_STORE` (
  `STORE_SEQ` int(11) NOT NULL AUTO_INCREMENT,
  `SERVICE_ID` varchar(20) NOT NULL,
  `STORE_NAME` varchar(50) NOT NULL,
  `STORE_DETAIL` varchar(4000) NOT NULL,
  `STORE_TYPE` varchar(30) NOT NULL,
  `STORE_ADDRESS` varchar(200) NOT NULL,
  `STORE_TEL` varchar(20) NOT NULL,
  `STORE_HOUR` varchar(50) NOT NULL,
  `DELFLAG` char(2) NOT NULL DEFAULT 'N',
  `REGDATE` datetime DEFAULT NULL,
  PRIMARY KEY (`STORE_SEQ`),
  KEY `SERVICE_STORE_FK` (`SERVICE_ID`),
  CONSTRAINT `SERVICE_STORE_FK` FOREIGN KEY (`SERVICE_ID`) REFERENCES `SERVICE_ACCOUNT` (`SERVICE_ID`)
) ENGINE=InnoDB AUTO_INCREMENT=55 DEFAULT CHARSET=utf8;
/*!40101 SET character_set_client = @saved_cs_client */;

--
-- Dumping data for table `SERVICE_STORE`
--

LOCK TABLES `SERVICE_STORE` WRITE;
/*!40000 ALTER TABLE `SERVICE_STORE` DISABLE KEYS */;
INSERT INTO `SERVICE_STORE` VALUES (1,'winetree','수정','기능 테스트용 매장','중화요리','경기도 부천시','01059141918','연중무휴','Y',NULL),(2,'hello','매장 이름','매장 설명','업종','매장의 주소','매장 전화번호','영업시간 안내','Y',NULL),(3,'winetree','매장 이름','매장 설명','업종','매장의 주소','매장 전화번호','영업시간 안내','Y',NULL),(6,'hansol','매장 이름','매장 설명','업종','매장의 주소','매장 전화번호','영업시간','Y',NULL),(7,'winetree','매장이름','매장디테일','매장타입','매장주소','매장전화번호','매장영업시간','Y','2018-11-08 08:11:31'),(8,'winetree','매장 이름','매장 디테일','매장 타입 ㅋ','매장 주소 ㅋ','매장 ㅈ번호 ','매장 영업시간 ㅋ','Y','2018-11-08 08:23:46'),(9,'winetree','매장 이름','매장 디테일','매장 타입 ㅋ','매장 주소 ㅋ','매장 ㅈ번호 ','매장 영업시간 ㅋ','Y','2018-11-08 08:23:56'),(10,'winetree','매장','디테일','타입','주소','번호','영업시','Y','2018-11-08 08:24:28'),(11,'winetree','매장','디테일','타입','주소','번호','영업시','Y','2018-11-08 08:24:35'),(12,'winetree','매장 이름','매장 디테일','매장 타입 ㅋ','매장 주소 ㅋd','매장 ㅈ번호 ','매장 영업시간 ㅋ','Y','2018-11-08 08:25:23'),(13,'winetree','매장','디테일','타입','주소','번호','영업시','Y','2018-11-08 08:32:05'),(14,'winetree','매장','디테일','타입','주소','번호','영업시','Y','2018-11-08 13:47:41'),(15,'winetree','fdas','fsad','fsda','fsda','sdfa','fdsa','Y','2018-11-09 05:19:10'),(16,'hansol','매장 이름','매장 설명','업종','매장의 주소','매장 전화번호','영업시간','Y',NULL),(17,'winetree','','','','','','','Y','2018-11-22 15:34:59'),(18,'winetree','이름임 ㅋ','설명임 ㅋ','업종임 ㅋ','주소임 ㅋ','번호임 ㅋ','시간임 ㅋ','Y','2018-11-22 15:39:28'),(19,'winetreee','이름이름','설명ㅋ','업종ㅋ','주소','번호','시간','Y','2018-11-22 15:43:47'),(20,'winetree','슈퍼짜장면집','','','','','','Y','2018-11-22 18:08:02'),(21,'winetree','슈퍼자장면집입니다.','예쁜수빈언니 치아에 고춧가루','중화전문점','니아런이ㅏ런아ㅣ런아ㅣ러ㅣㄴ아ㅓ','ㄴ이ㅏ런이라ㅓㄴㅇ라ㅣㅓ니아','ㄹㄴ이ㅏ런이ㅏ런아ㅣㅓ리ㅏㄴㅇ멀ㄴㅇㄹ','Y','2018-11-22 18:08:21'),(22,'winetree','asdfasd','fasdfasdfasdfasdfasd','fasdfasdfasd','fasdfasdfa','sdfasdfadsfasd','fasdasdfasd','Y','2018-11-22 18:59:32'),(23,'winetree','asdfasfdasdfasdf','asdfasfdasdfa','asdfasdfasdf','asdfasdfasfdasdf','sadfasdfasdfasdf','asfdasdfasdfasdfafsd','Y','2018-11-22 18:59:43'),(24,'gksthfdl','asdf','수정','dfdasdfasdfasdfasdfasdfadfs','dfssdafdsfsfd','fsdfsdafsdsdf','fdssdfafdssdf','Y','2018-11-23 05:25:13'),(25,'gksthfdl','ㄹㅇㄴㅁ','ㄹㅇㄴㅁ','ㄹㄴㅇㅁ','ㄹㄴㅇㅁ','ㄴㅇㄹㅁ','ㄹㄴㅇㅁ','Y','2018-11-23 05:26:24'),(26,'gksthfgksthf','fsda','sdfa','sdfa','sdaf','asdf','sdfa','Y','2018-11-23 05:55:31'),(27,'winetree','dfsg','dgsf','dsfg','gfds','fdgs','dfgs','Y','2018-11-23 06:27:45'),(28,'11111','자장면 다이스키','후하하','리액트 전문점','123','123','123','Y','2018-11-23 06:32:40'),(29,'hanarinn','슈퍼자장면','1','1','1','1','1','Y','2018-11-23 07:06:15'),(30,'wodl0504','슈퍼 자장면','설명','업종','주소','01090092832','연중무휴','Y','2018-11-23 08:12:01'),(31,'kio17','asd','asd','asd','asd','asd','asd','Y','2018-11-25 09:06:39'),(32,'winetree','새로 생성한 매장 ㅎ','1','1','1','1','1','Y','2018-11-26 06:10:18'),(33,'ash47','asdfahjk','123','123','123','123','123','Y','2018-11-27 14:03:42'),(34,'ash47','123','123','123','123','123','123','Y','2018-11-27 14:08:12'),(35,'ash47','123','123','123','123','123','123','Y','2018-11-27 14:08:21'),(36,'winetree','123','123','321','312','132','123','Y','2018-11-27 16:06:33'),(37,'winetree','신규 테스트','ㅎㅇ','ㅎㅇ','ㅎㅇ','ㅎㅇ','ㅎㅇ','Y','2018-11-29 20:36:10'),(38,'winetree','새로운 매장','설명','업종','경기도','00','00','Y','2018-11-29 20:38:09'),(39,'winetree','새롭고 새로운 매장','설명입니다.','1','1','11','1','Y','2018-11-29 20:45:13'),(40,'winetree','새로운 매장','1','1','1','1','1','Y','2018-11-30 05:19:27'),(41,'winetree','매장의 이름','1','1','1','1','1','Y','2018-11-30 08:29:52'),(42,'winetree','새로운 매장','1','1','1','1','1','Y','2018-12-02 08:47:33'),(43,'winetree','맛있는 음식점 본점','유명한 맛집 맛있는 음식점 본점입니다.','중화요리 전문점','경기도 부천시 시흥시','010','연중무휴','N','2018-12-02 09:03:34'),(44,'winetree','d','d','d','d','d','d','Y','2018-12-02 09:56:40'),(45,'winetree','d','d','d','d','d','d','Y','2018-12-02 09:56:46'),(46,'winetree','safd','sdfa','sfd','sdfa','dsf','asdf','Y','2018-12-02 09:57:05'),(47,'winetree','가맹점 1','첫번째 가맹점 입니다.','1','1','1','1','N','2018-12-04 16:05:17'),(48,'starbucks','가맹점 1','전문점','카페','1','1','1','N','2018-12-05 14:17:25'),(49,'wodl0504','재이네 엄마손','엄마손이 좀 밍밍해요','가정식','목련마을 미원빌라','01027423702','365일 오픈','N','2018-12-06 11:33:12'),(50,'winetree','자장면집','두번째 가맹점 입니다.','1','1','1','1','N','2018-12-06 16:31:01'),(51,'winetree','새로운 카페','부가적으로 운영하는 카페입니다.','테이크 아웃 커피 전문점','없음','없음','없음','N','2018-12-09 20:26:35'),(52,'winetree','새로운 중화요리 전문점','경력 30년 전통의 짜장면집','1','1','1','1','N','2018-12-09 20:27:03'),(53,'winetree94','매장명','설명','업종','주소','01059141918','영업시간은 연중무휴','N','2020-05-15 13:27:27'),(54,'winetree94','짜장면집','설명','업종','ㅇ니ㅏ러','01059141','ㅇㄴ','N','2020-05-20 21:31:09');
/*!40000 ALTER TABLE `SERVICE_STORE` ENABLE KEYS */;
UNLOCK TABLES;

--
-- Table structure for table `STORE_ACCOUNT`
--

DROP TABLE IF EXISTS `STORE_ACCOUNT`;
/*!40101 SET @saved_cs_client     = @@character_set_client */;
/*!40101 SET character_set_client = utf8 */;
CREATE TABLE `STORE_ACCOUNT` (
  `USER_ID` varchar(20) NOT NULL,
  `SERVICE_ID` varchar(20) NOT NULL,
  `USER_EMAIL` varchar(50) NOT NULL,
  `USER_PW` varchar(20) NOT NULL,
  `USER_TYPE` char(2) NOT NULL DEFAULT 'C',
  `USER_REGDATE` datetime NOT NULL,
  `POINT` int(11) NOT NULL DEFAULT '0',
  `DELFLAG` char(2) NOT NULL DEFAULT 'U',
  PRIMARY KEY (`USER_ID`),
  KEY `SERVICE_ACCOUNT_USER_ID_FK` (`SERVICE_ID`),
  CONSTRAINT `SERVICE_ACCOUNT_USER_ID_FK` FOREIGN KEY (`SERVICE_ID`) REFERENCES `SERVICE_ACCOUNT` (`SERVICE_ID`)
) ENGINE=InnoDB DEFAULT CHARSET=utf8;
/*!40101 SET character_set_client = @saved_cs_client */;

--
-- Dumping data for table `STORE_ACCOUNT`
--

LOCK TABLES `STORE_ACCOUNT` WRITE;
/*!40000 ALTER TABLE `STORE_ACCOUNT` DISABLE KEYS */;
INSERT INTO `STORE_ACCOUNT` VALUES ('hansol','hansol','1234','1234','Y','2018-11-12 14:05:57',123,'N');
/*!40000 ALTER TABLE `STORE_ACCOUNT` ENABLE KEYS */;
UNLOCK TABLES;

--
-- Table structure for table `STORE_CASHBOOK`
--

DROP TABLE IF EXISTS `STORE_CASHBOOK`;
/*!40101 SET @saved_cs_client     = @@character_set_client */;
/*!40101 SET character_set_client = utf8 */;
CREATE TABLE `STORE_CASHBOOK` (
  `CASH_SEQ` int(11) NOT NULL AUTO_INCREMENT,
  `STORE_SEQ` int(11) NOT NULL,
  `CASH_DATE` datetime NOT NULL DEFAULT CURRENT_TIMESTAMP,
  `CASH_DEPOSIT` int(11) DEFAULT NULL,
  `CASH_BALANCE` int(11) NOT NULL DEFAULT '0',
  PRIMARY KEY (`CASH_SEQ`),
  KEY `STORE_CASHBOOK_STORE_SEQ_FK` (`STORE_SEQ`),
  CONSTRAINT `STORE_CASHBOOK_STORE_SEQ_FK` FOREIGN KEY (`STORE_SEQ`) REFERENCES `SERVICE_STORE` (`STORE_SEQ`)
) ENGINE=InnoDB AUTO_INCREMENT=271 DEFAULT CHARSET=utf8;
/*!40101 SET character_set_client = @saved_cs_client */;

--
-- Dumping data for table `STORE_CASHBOOK`
--

LOCK TABLES `STORE_CASHBOOK` WRITE;
/*!40000 ALTER TABLE `STORE_CASHBOOK` DISABLE KEYS */;
INSERT INTO `STORE_CASHBOOK` VALUES (1,1,'2018-11-11 09:35:22',0,0),(2,1,'2018-11-11 09:35:23',0,0),(3,1,'2018-11-11 09:35:35',0,-5000),(4,1,'2018-11-11 09:35:37',0,-10000),(5,1,'2018-11-11 09:37:17',50000,40000),(6,1,'2018-11-11 09:37:17',50000,90000),(7,1,'2018-11-11 09:37:19',50000,140000),(8,1,'2018-11-11 09:40:25',50000,190000),(9,1,'2018-11-11 09:40:27',50000,240000),(10,1,'2018-11-11 09:40:28',50000,290000),(11,1,'2018-11-11 09:40:29',50000,340000),(12,1,'2018-11-11 10:07:06',3000,343000),(13,1,'2018-11-11 10:16:02',3000,346000),(14,1,'2018-11-11 10:31:45',3000,349000),(15,1,'2018-11-11 10:31:58',3000,352000),(16,1,'2018-11-11 10:46:51',3000,355000),(17,1,'2018-11-11 10:48:17',3000,358000),(18,1,'2018-11-11 10:49:54',3000,361000),(19,1,'2018-11-11 10:54:30',3000,364000),(20,1,'2018-11-11 10:54:30',3000,367000),(21,1,'2018-11-11 10:55:13',3000,370000),(22,1,'2018-11-11 11:04:01',3000,373000),(23,1,'2018-11-11 11:04:39',0,376000),(24,1,'2018-11-29 04:30:03',3000,379000),(25,1,'2018-11-29 04:31:45',50000,429000),(26,1,'2018-11-29 04:48:28',500000,929000),(27,1,'2018-11-29 04:48:42',1000000,1929000),(28,1,'2018-11-29 05:16:26',-50000,1879000),(29,1,'2018-11-29 05:20:47',10000,1889000),(30,1,'2018-11-29 05:21:21',60000,1949000),(31,1,'2018-11-29 05:26:38',123123,2072123),(32,1,'2018-11-29 05:28:10',1231231231,1233303354),(33,1,'2018-11-29 05:28:53',1231231,1234534585),(34,1,'2018-11-29 05:29:03',1,1234534586),(35,1,'2018-11-29 05:29:14',1000,1234535586),(36,1,'2018-11-29 05:29:36',111,1234535697),(37,1,'2018-11-29 05:30:00',123,1234535820),(38,1,'2018-11-29 05:31:04',123,1234535943),(39,1,'2018-11-29 05:38:31',4444,1234540387),(40,1,'2018-11-29 05:39:49',333,1234540720),(41,1,'2018-11-29 05:40:29',333,1234541053),(42,1,'2018-11-29 05:41:47',33333,1234574386),(43,1,'2018-11-29 05:42:30',3333,1234577719),(44,1,'2018-11-29 05:43:05',333333333,1567911052),(45,1,'2018-11-29 05:43:09',-333333333,1234577719),(46,1,'2018-11-29 06:09:01',5000,1234582719),(47,1,'2018-11-29 06:09:33',5000,1234587719),(48,1,'2018-11-29 06:10:18',5000,1234592719),(49,1,'2018-11-29 06:10:34',5000,1234597719),(50,1,'2018-11-29 06:10:56',5000,1234602719),(51,1,'2018-11-29 06:21:32',40000,1234642719),(52,1,'2018-11-29 06:21:47',-40000,1234602719),(53,1,'2018-11-29 06:24:03',123,1234602842),(54,1,'2018-11-29 06:32:51',-5000,1234597842),(55,1,'2018-11-29 06:37:52',50000,1234647842),(56,1,'2018-11-29 06:39:42',5000,1234652842),(57,1,'2018-11-29 07:05:20',-5000,1234647842),(58,1,'2018-11-29 07:05:54',-1000000,1233647842),(59,1,'2018-11-29 07:06:07',-500000000,733647842),(60,1,'2018-11-29 07:46:26',-50000000,683647842),(61,1,'2018-11-29 07:46:43',-683647842,0),(62,1,'2018-11-29 07:54:57',123,123),(63,1,'2018-11-29 15:28:23',-123,0),(64,1,'2018-11-29 20:03:47',50000,50000),(65,1,'2018-11-29 20:03:52',-30000,20000),(66,12,'2018-11-29 20:07:38',50000,70000),(67,18,'2018-11-29 20:13:00',50000,70000),(68,18,'2018-11-29 20:13:13',50000,70000),(69,18,'2018-11-29 20:13:23',-10000,10000),(70,18,'2018-11-29 20:13:32',60000,80000),(71,1,'2018-11-29 20:14:00',50000,70000),(72,18,'2018-11-29 20:16:41',5000,75000),(73,18,'2018-11-29 20:16:58',-5000,65000),(74,18,'2018-11-29 20:17:11',-5000,65000),(75,18,'2018-11-29 20:17:26',-5000,65000),(76,18,'2018-11-29 20:17:36',-5000,65000),(77,18,'2018-11-29 20:17:37',-5000,65000),(78,18,'2018-11-29 20:19:33',-5000,65000),(79,18,'2018-11-29 20:20:32',-5000,65000),(80,1,'2018-11-29 20:21:14',20000,90000),(81,21,'2018-11-29 20:21:34',5000,95000),(82,36,'2018-11-29 20:24:13',50000,140000),(83,36,'2018-11-29 20:24:23',-30000,60000),(84,32,'2018-11-29 20:27:36',3000,93000),(85,32,'2018-11-29 20:28:31',-500,89500),(86,27,'2018-11-29 20:31:15',3,3),(87,27,'2018-11-29 20:31:21',50000,50003),(88,17,'2018-11-29 20:34:11',50,50),(89,37,'2018-11-29 20:36:23',500000,500000),(90,38,'2018-11-29 20:38:47',50000,50000),(91,38,'2018-11-29 20:38:51',-25000,25000),(92,1,'2018-11-29 20:50:25',30000,120000),(93,1,'2018-11-30 01:05:23',30000,150000),(94,1,'2018-11-30 03:47:32',-5999,144001),(95,1,'2018-11-30 03:48:30',50000,194001),(96,40,'2018-11-30 05:25:04',5000,5000),(97,40,'2018-11-30 05:25:30',-50000,-45000),(98,40,'2018-11-30 05:25:36',45000,0),(99,1,'2018-11-30 07:46:43',10000,204001),(100,1,'2018-11-30 07:46:54',-10000,194001),(101,41,'2018-11-30 08:31:25',550000,550000),(102,41,'2018-11-30 08:31:38',-1000,549000),(103,1,'2018-11-30 12:29:04',10,194011),(104,1,'2018-11-30 12:29:10',-10,194001),(105,39,'2018-12-02 06:56:36',40000,40000),(106,18,'2018-12-02 08:19:22',6000,71000),(107,18,'2018-12-02 08:19:49',6000,77000),(108,1,'2018-12-02 08:25:49',-330123,-136122),(109,1,'2018-12-02 08:26:12',-2000,-138122),(110,1,'2018-12-02 08:29:47',-2935121,-3073243),(111,39,'2018-12-02 08:36:50',18000,58000),(112,39,'2018-12-02 08:37:34',183000,241000),(113,39,'2018-12-02 08:37:56',183000,424000),(114,39,'2018-12-02 08:38:52',6000,430000),(115,39,'2018-12-02 08:39:07',3000,433000),(116,39,'2018-12-02 08:39:17',6000,439000),(117,39,'2018-12-02 08:40:04',3000,442000),(118,39,'2018-12-02 08:40:30',21000,463000),(119,39,'2018-12-02 08:41:09',3000,466000),(120,39,'2018-12-02 08:41:18',3000,469000),(121,39,'2018-12-02 08:41:30',3000,472000),(122,39,'2018-12-02 08:41:58',9000,481000),(123,39,'2018-12-02 08:42:17',57000,538000),(124,39,'2018-12-02 08:43:05',183000,721000),(125,39,'2018-12-02 08:43:15',9000,730000),(126,18,'2018-12-02 08:45:01',3000,80000),(127,18,'2018-12-02 08:45:05',3000,83000),(128,18,'2018-12-02 08:45:11',3000,86000),(129,18,'2018-12-02 08:45:17',3000,89000),(130,42,'2018-12-02 08:48:31',20000,20000),(131,42,'2018-12-02 08:51:49',15000,35000),(132,42,'2018-12-02 08:58:36',5000,40000),(133,42,'2018-12-02 08:58:41',5000,45000),(134,42,'2018-12-02 08:58:54',5000,50000),(135,42,'2018-12-02 08:59:39',5000,55000),(136,42,'2018-12-02 09:00:01',15000,70000),(137,43,'2018-12-02 09:04:36',10000,10000),(138,43,'2018-12-02 09:05:14',5000,15000),(139,43,'2018-12-02 09:11:12',300000000,300015000),(140,43,'2018-12-02 09:29:57',900028000,1200043000),(141,43,'2018-12-02 09:32:05',13000,1200056000),(142,43,'2018-12-02 09:35:44',10000,1200066000),(143,43,'2018-12-02 09:36:05',-1200056000,10000),(144,43,'2018-12-02 09:36:10',-10000,0),(145,43,'2018-12-02 09:36:24',23000,23000),(146,43,'2018-12-02 09:38:40',15000,38000),(147,43,'2018-12-02 09:42:57',35000,73000),(148,43,'2018-12-02 09:43:21',38000,111000),(149,43,'2018-12-02 09:58:11',10000,121000),(150,43,'2018-12-02 09:58:14',5000,126000),(151,43,'2018-12-02 09:58:24',3000,129000),(152,43,'2018-12-02 10:01:32',14000,143000),(153,43,'2018-12-02 10:08:02',10000,153000),(154,43,'2018-12-02 10:09:12',13000,166000),(155,43,'2018-12-02 10:09:47',8000,174000),(156,43,'2018-12-02 10:10:10',8000,182000),(157,43,'2018-12-02 10:10:18',5000,187000),(158,43,'2018-12-02 10:10:31',8000,195000),(159,43,'2018-12-02 10:10:47',13000,208000),(160,43,'2018-12-02 10:12:22',10000,218000),(161,43,'2018-12-02 12:14:41',5000,223000),(162,43,'2018-12-02 12:15:26',13000,236000),(163,43,'2018-12-02 12:15:47',8000,244000),(164,43,'2018-12-02 12:24:06',13000,257000),(165,43,'2018-12-02 12:24:40',5000,262000),(166,43,'2018-12-02 12:24:46',900011000,900273000),(167,43,'2018-12-02 12:26:18',15000,900288000),(168,43,'2018-12-02 23:46:53',52000,900340000),(169,43,'2018-12-03 00:41:24',20000,900360000),(170,43,'2018-12-03 01:38:29',10000,900370000),(171,43,'2018-12-03 02:11:02',50000,900420000),(172,43,'2018-12-03 02:18:05',18000,900438000),(173,43,'2018-12-03 02:34:13',5000,900443000),(174,43,'2018-12-03 02:34:16',-5000,900438000),(175,43,'2018-12-03 02:56:30',48000,900486000),(176,43,'2018-12-03 02:57:23',-900000000,486000),(177,43,'2018-12-03 02:57:29',-486000,0),(178,43,'2018-12-03 02:57:39',22000,22000),(179,43,'2018-12-03 03:44:07',20000,42000),(181,43,'2018-12-03 04:07:16',20000,62000),(183,43,'2018-12-03 04:08:44',-50000,12000),(184,43,'2018-12-03 04:09:41',-18000,-6000),(185,43,'2018-12-03 04:33:00',100000,94000),(186,43,'2018-12-03 04:38:57',15000,109000),(187,43,'2018-12-03 04:39:20',-15000,94000),(188,43,'2018-12-03 04:42:23',2500,96500),(189,43,'2018-12-03 04:42:44',-2500,94000),(190,43,'2018-12-03 04:46:54',23000,117000),(191,43,'2018-12-03 04:47:06',-23000,94000),(192,43,'2018-12-03 05:21:58',59000,153000),(193,43,'2018-12-03 05:23:16',248000,401000),(194,43,'2018-12-03 05:23:57',-59000,342000),(195,43,'2018-12-03 05:24:05',-248000,94000),(196,43,'2018-12-03 05:24:51',117000,211000),(197,43,'2018-12-03 05:25:26',-211000,0),(198,43,'2018-12-03 05:49:33',27000,27000),(199,43,'2018-12-03 08:44:24',91000,118000),(200,43,'2018-12-03 08:44:54',41000,159000),(201,43,'2018-12-03 08:44:57',-41000,118000),(202,43,'2018-12-03 11:50:02',8000,126000),(203,43,'2018-12-03 11:53:03',4000,130000),(204,43,'2018-12-03 11:53:11',5000,135000),(205,43,'2018-12-03 13:52:26',73000,208000),(206,43,'2018-12-03 13:56:27',64000,272000),(207,43,'2018-12-03 13:57:06',-64000,208000),(208,43,'2018-12-03 13:58:20',66000,274000),(209,43,'2018-12-03 13:58:54',12000,286000),(210,43,'2018-12-03 13:59:13',92000,378000),(211,43,'2018-12-04 00:32:38',8000,386000),(212,43,'2018-12-04 00:46:02',87000,473000),(213,43,'2018-12-04 00:46:15',44000,517000),(214,43,'2018-12-04 00:46:29',20000,537000),(215,43,'2018-12-04 00:46:33',20000,557000),(216,43,'2018-12-04 00:46:39',90000,647000),(217,43,'2018-12-04 01:51:19',164000,811000),(218,43,'2018-12-04 02:27:17',4000,815000),(219,43,'2018-12-04 02:27:24',44000,859000),(220,43,'2018-12-04 02:35:37',14000,873000),(221,43,'2018-12-04 05:14:12',31000,904000),(222,43,'2018-12-04 15:39:09',4000,908000),(223,43,'2018-12-04 15:39:24',20000,928000),(224,43,'2018-12-04 16:04:13',211000,1139000),(225,43,'2018-12-04 16:04:30',181000,1320000),(226,43,'2018-12-04 16:04:43',115000,1435000),(227,47,'2018-12-04 16:05:57',485000,485000),(228,43,'2018-12-05 13:49:37',8000,1443000),(229,43,'2018-12-05 13:50:06',52000,1495000),(230,43,'2018-12-05 14:44:14',17000,1512000),(231,43,'2018-12-05 15:00:35',66000,1578000),(232,43,'2018-12-06 09:29:49',39000,1617000),(233,43,'2018-12-06 09:29:52',26000,1643000),(234,43,'2018-12-06 12:59:36',136000,1779000),(235,43,'2018-12-06 15:19:29',20000,1799000),(236,50,'2018-12-06 16:32:57',9000,9000),(237,43,'2018-12-06 16:36:20',13000,1812000),(238,43,'2018-12-06 16:36:37',-13000,1799000),(239,43,'2018-12-14 01:25:12',17000,1816000),(240,43,'2018-12-14 09:52:11',23000,1839000),(241,49,'2018-12-16 10:36:41',1000,1000),(242,49,'2018-12-16 10:36:45',-5,995),(243,43,'2018-12-16 10:45:04',53000,1892000),(244,43,'2018-12-17 16:08:05',59000,1951000),(245,43,'2018-12-19 22:33:54',33000,1984000),(246,43,'2018-12-19 22:33:57',73000,2057000),(247,49,'2018-12-23 00:45:22',-11,984),(248,49,'2018-12-23 00:45:27',1000,1984),(249,49,'2018-12-23 00:48:28',0,1984),(250,49,'2018-12-23 00:48:32',0,1984),(251,49,'2018-12-23 00:48:35',0,1984),(252,43,'2019-01-07 14:41:36',8000,2065000),(253,43,'2019-01-07 14:41:42',8000,2073000),(254,43,'2019-02-02 23:59:55',4000,2077000),(255,43,'2019-02-03 00:00:02',4000,2081000),(256,43,'2019-02-03 00:00:17',13000,2094000),(257,43,'2019-02-03 00:00:26',115000,2209000),(258,43,'2019-02-03 00:04:20',20000,2229000),(259,43,'2019-02-14 22:24:27',5000,2234000),(260,43,'2019-03-07 22:20:25',17000,2251000),(261,43,'2019-03-07 22:20:51',156000,2407000),(262,43,'2019-03-07 22:37:49',58000,2465000),(263,43,'2019-03-08 20:28:08',16000,2481000),(264,43,'2019-03-12 01:25:00',19000,2500000),(265,53,'2020-05-15 13:28:46',8000,8000),(266,53,'2020-05-15 13:29:01',50000,58000),(267,53,'2020-05-15 13:30:48',57000,115000),(268,54,'2020-05-20 21:33:52',103000,103000),(269,54,'2020-05-20 21:34:02',55000005,55103005),(270,54,'2020-05-20 21:34:05',-32134,55070871);
/*!40000 ALTER TABLE `STORE_CASHBOOK` ENABLE KEYS */;
UNLOCK TABLES;

--
-- Table structure for table `STORE_CATEGORY`
--

DROP TABLE IF EXISTS `STORE_CATEGORY`;
/*!40101 SET @saved_cs_client     = @@character_set_client */;
/*!40101 SET character_set_client = utf8 */;
CREATE TABLE `STORE_CATEGORY` (
  `MENU_SEQ` int(11) NOT NULL AUTO_INCREMENT,
  `STORE_SEQ` int(11) NOT NULL,
  `MENU_NAME` varchar(20) NOT NULL,
  `CATEG_NAME` varchar(20) NOT NULL,
  `MENU_INFO` varchar(50) NOT NULL,
  `ORIGIN_FNAME` varchar(2000) NOT NULL,
  `STORED_FNAME` varchar(2000) NOT NULL,
  `MENU_PRICE` int(11) NOT NULL DEFAULT '0',
  `DELFLAG` char(2) NOT NULL DEFAULT 'N',
  PRIMARY KEY (`MENU_SEQ`),
  KEY `STORE_CATEGORY_STORE_SEQ_FK` (`STORE_SEQ`),
  CONSTRAINT `STORE_CATEGORY_STORE_SEQ_FK` FOREIGN KEY (`STORE_SEQ`) REFERENCES `SERVICE_STORE` (`STORE_SEQ`)
) ENGINE=InnoDB AUTO_INCREMENT=86 DEFAULT CHARSET=utf8;
/*!40101 SET character_set_client = @saved_cs_client */;

--
-- Dumping data for table `STORE_CATEGORY`
--

LOCK TABLES `STORE_CATEGORY` WRITE;
/*!40000 ALTER TABLE `STORE_CATEGORY` DISABLE KEYS */;
INSERT INTO `STORE_CATEGORY` VALUES (1,1,'카푸치노','FOOD','바뀐 설정','기존이름','바뀐이름',20000,'Y'),(2,1,'변경된 카푸치노','COFFEE','비싼 프라푸치노','','',123,'Y'),(3,1,'아이스 아메리카노','COFFEE','아라비카산 원두 사용','경로','경로',8000,'Y'),(4,6,'오린지주스','FOOD','맛남','경로','2경로',8000,'Y'),(5,6,'부리또','FOOD','브라질에서 직수입한부리또','원본사진이름1','저장된사진이름2',9999,'Y'),(6,1,'김밥','FOOD','유기농 야채로 만든 꿀김밥','오리지날파일','저장된파일',2000,'Y'),(7,1,'브라우니','DESSERT','카카오 함량100% 카카오닙스 브라우니','원본사진이름','저장된사진이름',100000,'Y'),(8,6,'오린지주스','FOOD','맛남','경로','2경로',8000,'Y'),(9,1,'핫초코라떼','COFFEE','맛없어이거','','',30000,'Y'),(10,1,'프라푸치노','COFFEE','비싼 프라푸치노','','',300000,'Y'),(11,1,'참치김밥','FOOD','비싼참치김밥','','',300000,'Y'),(12,1,'카페모카라떼','COFFEE','맛없어','','',666666,'Y'),(13,1,'콜롬비아커피','COFFEE','맛없어2','','',111111,'Y'),(14,1,'치즈케익','DESSERT','맛없는디저트','','',333333,'Y'),(15,1,'모달','MODAL','모달','','',50000,'Y'),(16,1,'sdf','FOOD','1','','',1,'Y'),(17,1,'이름','음식','1','','',1,'Y'),(18,1,'fsadsadf','fsda','sadf','','',3333,'Y'),(19,27,'메뉴','메뉴','1','','',3000,'Y'),(20,40,'아메리카노','커피','커피임','','',5000,'Y'),(21,1,'카페모카','COFFEE','아라비카 원두','','',5000,'Y'),(22,41,'아메리카노','커피','맛있는 커피','','',3000,'Y'),(23,41,'카페라테','커피','1','','',5000,'Y'),(24,41,'빵','빵','1','','',50000,'Y'),(25,39,'아메리카노','커피','아라비카 커피','','',3000,'Y'),(26,18,'메뉴','메뉴','1','','',3000,'Y'),(27,42,'아메리카노','커피','아라비카 원두','','',5000,'Y'),(28,43,'아메리카노','커피','','','',5000,'Y'),(29,43,'카페라떼','커피','1','','',300000000,'Y'),(30,43,'카페 라떼','커피','1','','',3000,'Y'),(31,43,'라떼','커피','설명','','',5000,'Y'),(32,43,'메뉴','카테고리','설명','','',5000,'Y'),(33,43,'메뉴 이름','카테고리명','설명 ','','',6000,'Y'),(34,43,'아이스 아메리카노','커피','','','',2500,'Y'),(35,43,'따뜻한 아메리카노','커피','','','',2000,'Y'),(36,43,'아이스 카페라떼','커피','맛있는 카페라떼','','',4000,'N'),(37,43,'에스프레소','커피','쓰다','','',2000,'Y'),(38,43,'에스프레소','커피','','','',2000,'Y'),(39,43,'에스프레소','커피','','','',3000,'Y'),(40,43,'따뜻한 아메리카노','커피','따뜻한 아메리카노','','',5000,'N'),(41,43,'라떼','커피','','','',3000,'Y'),(42,43,'참이슬 후레쉬','주류','참이슬 후레쉬','','',4000,'N'),(43,43,'참이슬 클래식','주류','참이슬은 역시 클래식','','',4000,'N'),(44,43,'오뎅탕','탕','오뎅뎅뎅','','',15000,'N'),(45,43,'소고기 스테이크','양식','투플플 스테이크 2','','',20000,'N'),(46,43,'맛좋은 커피','커피','맛있다','','',4000,'Y'),(47,43,'코피','커피','맛있는코피','','',5000,'Y'),(48,47,'메뉴','카테고리','상세정보','','',50000,'N'),(49,47,'메뉴2','카테고리','설명 ㅋ','','',5000,'N'),(50,43,'길길길','양식','길길길','','',30000,'Y'),(51,43,'길길길','123','123','','',123,'Y'),(52,43,'파스타','양식','싼 가격으로 즐기는 맛있는 파스타','','',30000,'Y'),(53,48,'메뉴','카테고리','','','',5000,'Y'),(54,43,'카페 라떼','커피','우유와 에스프레소의 조화','','',5000,'N'),(55,43,'에스프레소','커피','에스프레소 원액','','',2000,'N'),(56,43,'카푸치노','커피','스팀 우유와 에스프레소의 조화','','',4000,'N'),(57,43,'고구마 라떼','커피','고구마와 우유의 조화','','',6000,'N'),(58,43,'카스 병맥주(355ml)','주류','카스','','',5000,'N'),(59,43,'순하리(사과)','주류','사과맛 소주','','',4000,'N'),(60,43,'자몽의 이슬','주류','자몽맛 소주','','',4000,'N'),(61,43,'카스 500ml 생맥주','주류','생맥주','','',4000,'N'),(62,43,'짬뽕탕','탕','짬뽕탕','','',15000,'N'),(63,43,'나가사끼 짬뽕탕','탕','해물과 나가사끼의 조화','','',16000,'N'),(64,43,'감자탕','탕','감자탕','','',20000,'N'),(65,43,'부대찌개','탕','부대찌개','','',16000,'N'),(66,43,'토마토 파스타','양식','양식','','',13000,'N'),(67,43,'까르보나라 파스타','양식','까르보나라 파스타','','',13000,'N'),(68,43,'고르곤졸라 피자','양식','꿀찍어 먹는 피자','','',20000,'N'),(69,43,'리코타치즈 피자','양식','살아있는 치즈가 들어간 피자','','',20000,'N'),(70,43,'바스 버거','패스트 푸드','기본적인 버거','','',7000,'N'),(71,43,'탐욕 버거','패스트 푸드','거대한 햄버거','','',13000,'N'),(72,43,'칠면조 버거','패스트 푸드','칠면조가 곁들여진 햄버거','','',10000,'N'),(73,43,'불고기 버거','패스트 푸드','한국인의 버거','','',8000,'N'),(74,43,'히레 까스','일식','등심 까스','','',8000,'N'),(75,43,'로스 까스','일식','','','',8000,'N'),(76,43,'생선 까스','일식','','','',8000,'N'),(77,43,'냉모밀','일식','','','',6000,'N'),(78,43,'우동','일식','','','',6000,'N'),(79,43,'돈부리','일식','','','',6000,'N'),(80,50,'아메리카노','커피','','','',3000,'N'),(81,49,'123','123','123','','',123,'N'),(82,53,'짜장면','음식','설명','','',1000,'N'),(83,53,'냉면','음식','상세1','','',5000,'N'),(84,54,'아이스 아메리카노','커피','','','',5000,'N'),(85,54,'카페모카','커피','','','',7000,'N');
/*!40000 ALTER TABLE `STORE_CATEGORY` ENABLE KEYS */;
UNLOCK TABLES;

--
-- Table structure for table `STORE_INVOICE`
--

DROP TABLE IF EXISTS `STORE_INVOICE`;
/*!40101 SET @saved_cs_client     = @@character_set_client */;
/*!40101 SET character_set_client = utf8 */;
CREATE TABLE `STORE_INVOICE` (
  `INVOICE_SEQ` int(11) NOT NULL AUTO_INCREMENT,
  `STORE_SEQ` int(11) NOT NULL,
  `TABLE_SEQ` int(11) NOT NULL,
  `REF` int(11) NOT NULL,
  `MENU_AMOUNT` int(11) NOT NULL,
  `TAX_AMOUNT` int(11) NOT NULL,
  `TOTAL_AMOUNT` int(11) NOT NULL,
  `DISCOUNT_AMOUNT` int(11) NOT NULL,
  `FINAL_AMOUNT` int(11) NOT NULL,
  `PAID_DATE` datetime NOT NULL DEFAULT CURRENT_TIMESTAMP,
  `PAYMENT_METHOD` varchar(20) NOT NULL,
  `DELFLAG` char(2) NOT NULL DEFAULT 'N',
  PRIMARY KEY (`INVOICE_SEQ`),
  KEY `STORE_INVOICE_STORE_SEQ_FK` (`STORE_SEQ`),
  KEY `STORE_INVOICE_TABLE_SEQ_FK` (`TABLE_SEQ`),
  CONSTRAINT `STORE_INVOICE_STORE_SEQ_FK` FOREIGN KEY (`STORE_SEQ`) REFERENCES `STORE_ORDER` (`STORE_SEQ`),
  CONSTRAINT `STORE_INVOICE_TABLE_SEQ_FK` FOREIGN KEY (`TABLE_SEQ`) REFERENCES `STORE_ORDER` (`TABLE_SEQ`)
) ENGINE=InnoDB AUTO_INCREMENT=139 DEFAULT CHARSET=utf8;
/*!40101 SET character_set_client = @saved_cs_client */;

--
-- Dumping data for table `STORE_INVOICE`
--

LOCK TABLES `STORE_INVOICE` WRITE;
/*!40000 ALTER TABLE `STORE_INVOICE` DISABLE KEYS */;
INSERT INTO `STORE_INVOICE` VALUES (1,1,1,3,36000,4000,40000,5000,35000,'2018-11-13 07:09:06','CARD','Y'),(2,1,1,1,4500,500,5000,0,5000,'2018-11-13 08:08:05','CARD','Y'),(3,1,1,1,18000,2000,20000,0,15000,'2018-11-13 08:09:57','CARD','Y'),(4,18,73,71,5400,600,6000,0,1000,'2018-12-02 08:19:22','CASH','Y'),(5,18,73,73,5400,600,6000,0,1000,'2018-12-02 08:19:49','CASH','Y'),(6,1,30,74,297111,33012,330123,0,330123,'2018-12-02 08:25:49','CASH','Y'),(7,1,30,75,1800,200,2000,0,2000,'2018-12-02 08:26:13','CASH','Y'),(8,1,30,76,2641609,293512,2935121,0,2935121,'2018-12-02 08:29:48','CASH','Y'),(9,39,69,70,16200,1800,18000,0,18000,'2018-12-02 08:36:51','CASH','Y'),(10,39,69,0,164700,18300,183000,0,183000,'2018-12-02 08:37:34','CASH','Y'),(11,39,69,0,164700,18300,183000,0,183000,'2018-12-02 08:37:56','CASH','Y'),(12,39,69,79,5400,600,6000,0,6000,'2018-12-02 08:38:52','CASH','Y'),(13,39,69,78,2700,300,3000,0,3000,'2018-12-02 08:39:07','CASH','Y'),(14,39,69,81,5400,600,6000,0,6000,'2018-12-02 08:39:17','CASH','Y'),(15,39,69,82,2700,300,3000,0,3000,'2018-12-02 08:40:04','CASH','Y'),(16,39,69,85,18900,2100,21000,0,21000,'2018-12-02 08:40:30','CASH','Y'),(17,39,69,84,2700,300,3000,0,3000,'2018-12-02 08:41:09','CASH','Y'),(18,39,69,83,2700,300,3000,0,3000,'2018-12-02 08:41:18','CASH','Y'),(19,39,69,86,2700,300,3000,0,3000,'2018-12-02 08:41:30','CASH','Y'),(20,39,69,88,8100,900,9000,0,9000,'2018-12-02 08:41:58','CASH','Y'),(21,39,69,89,51300,5700,57000,0,57000,'2018-12-02 08:42:17','CASH','Y'),(22,39,69,0,164700,18300,183000,0,183000,'2018-12-02 08:43:05','CASH','Y'),(23,39,69,92,8100,900,9000,0,9000,'2018-12-02 08:43:16','CASH','Y'),(24,18,73,96,2700,300,3000,0,3000,'2018-12-02 08:45:01','CASH','Y'),(25,18,73,95,2700,300,3000,0,3000,'2018-12-02 08:45:05','CASH','Y'),(26,18,73,94,2700,300,3000,0,3000,'2018-12-02 08:45:11','CASH','Y'),(27,18,73,93,2700,300,3000,0,3000,'2018-12-02 08:45:17','CASH','Y'),(28,42,74,97,18000,2000,20000,0,20000,'2018-12-02 08:48:31','CASH','Y'),(29,42,74,100,13500,1500,15000,0,15000,'2018-12-02 08:51:49','CASH','Y'),(30,42,74,99,4500,500,5000,0,5000,'2018-12-02 08:58:36','CASH','Y'),(31,42,74,98,4500,500,5000,0,5000,'2018-12-02 08:58:41','CASH','Y'),(32,42,74,101,4500,500,5000,0,5000,'2018-12-02 08:58:55','CASH','Y'),(33,42,74,103,4500,500,5000,0,5000,'2018-12-02 08:59:39','CASH','Y'),(34,42,74,104,13500,1500,15000,0,15000,'2018-12-02 09:00:01','CASH','Y'),(35,43,75,105,9000,1000,10000,0,10000,'2018-12-02 09:04:36','CASH','N'),(36,43,75,106,4500,500,5000,0,5000,'2018-12-02 09:05:14','CASH','N'),(37,43,75,107,270000000,30000000,300000000,0,300000000,'2018-12-02 09:11:12','CASH','N'),(38,43,75,110,810025200,90002800,900028000,0,900028000,'2018-12-02 09:29:57','CASH','N'),(39,43,75,112,11700,1300,13000,0,13000,'2018-12-02 09:32:05','CASH','N'),(40,43,76,111,9000,1000,10000,0,10000,'2018-12-02 09:35:44','CASH','N'),(41,43,75,113,20700,2300,23000,0,23000,'2018-12-02 09:36:24','CASH','N'),(42,43,84,115,13500,1500,15000,0,15000,'2018-12-02 09:38:40','CASH','N'),(43,43,84,116,31500,3500,35000,0,35000,'2018-12-02 09:42:57','CASH','N'),(44,43,84,119,34200,3800,38000,0,38000,'2018-12-02 09:43:21','CASH','N'),(45,43,84,118,9000,1000,10000,0,10000,'2018-12-02 09:58:11','CASH','N'),(46,43,84,117,4500,500,5000,0,5000,'2018-12-02 09:58:14','CASH','N'),(47,43,84,120,2700,300,3000,0,3000,'2018-12-02 09:58:24','CASH','N'),(48,43,84,123,12600,1400,14000,0,14000,'2018-12-02 10:01:32','CASH','N'),(49,43,84,124,9000,1000,10000,0,10000,'2018-12-02 10:08:02','CASH','N'),(50,43,84,127,11700,1300,13000,0,13000,'2018-12-02 10:09:12','CASH','N'),(51,43,84,126,7200,800,8000,0,8000,'2018-12-02 10:09:47','CASH','N'),(52,43,84,129,7200,800,8000,0,8000,'2018-12-02 10:10:10','CASH','N'),(53,43,84,128,4500,500,5000,0,5000,'2018-12-02 10:10:18','CASH','N'),(54,43,84,130,7200,800,8000,0,8000,'2018-12-02 10:10:31','CASH','N'),(55,43,84,131,11700,1300,13000,0,13000,'2018-12-02 10:10:47','CASH','N'),(56,43,84,132,9000,1000,10000,0,10000,'2018-12-02 10:12:22','CASH','N'),(57,43,84,133,4500,500,5000,0,5000,'2018-12-02 12:14:41','CASH','N'),(58,43,84,135,11700,1300,13000,0,13000,'2018-12-02 12:15:26','CASH','N'),(59,43,84,136,7200,800,8000,0,8000,'2018-12-02 12:15:47','CASH','N'),(60,43,84,137,11700,1300,13000,0,13000,'2018-12-02 12:24:06','CASH','N'),(61,43,84,138,4500,500,5000,0,5000,'2018-12-02 12:24:40','CASH','N'),(62,43,84,139,810009900,90001100,900011000,0,900011000,'2018-12-02 12:24:46','CASH','N'),(63,43,84,141,13500,1500,15000,0,15000,'2018-12-02 12:26:18','CASH','N'),(64,43,84,142,46800,5200,52000,0,52000,'2018-12-02 23:46:53','CASH','N'),(65,43,84,150,18000,2000,20000,0,20000,'2018-12-03 00:41:24','CASH','N'),(66,43,84,151,9000,1000,10000,0,10000,'2018-12-03 01:38:29','CASH','N'),(67,43,84,153,16200,1800,18000,0,18000,'2018-12-03 02:18:05','CASH','Y'),(68,43,84,154,43200,4800,48000,0,48000,'2018-12-03 02:56:30','CASH','Y'),(69,43,84,155,19800,2200,22000,0,22000,'2018-12-03 02:57:39','CASH','Y'),(70,43,84,157,18000,2000,20000,0,20000,'2018-12-03 03:44:07','CASH','Y'),(71,43,84,158,13500,1500,15000,0,15000,'2018-12-03 04:38:57','CASH','Y'),(72,43,84,160,2250,250,2500,0,2500,'2018-12-03 04:42:23','CASH','Y'),(73,43,84,162,20700,2300,23000,0,23000,'2018-12-03 04:46:54','CASH','Y'),(74,43,89,165,53100,5900,59000,0,59000,'2018-12-03 05:21:58','CASH','Y'),(75,43,106,166,223200,24800,248000,0,248000,'2018-12-03 05:23:16','CASH','Y'),(76,43,84,164,105300,11700,117000,0,117000,'2018-12-03 05:24:51','CASH','N'),(77,43,84,168,24300,2700,27000,0,27000,'2018-12-03 05:49:33','CASH','N'),(78,43,84,169,81900,9100,91000,0,91000,'2018-12-03 08:44:24','CASH','N'),(79,43,106,170,36900,4100,41000,0,41000,'2018-12-03 08:44:54','CASH','Y'),(80,43,84,171,7200,800,8000,0,8000,'2018-12-03 11:50:02','CASH','N'),(81,43,84,172,3600,400,4000,0,4000,'2018-12-03 11:53:03','CASH','N'),(82,43,84,173,4500,500,5000,0,5000,'2018-12-03 11:53:11','CASH','N'),(83,43,84,174,65700,7300,73000,0,73000,'2018-12-03 13:52:26','CASH','N'),(84,43,84,175,57600,6400,64000,0,64000,'2018-12-03 13:56:27','CASH','Y'),(85,43,84,176,59400,6600,66000,0,66000,'2018-12-03 13:58:20','CASH','N'),(86,43,84,177,10800,1200,12000,0,12000,'2018-12-03 13:58:54','CASH','N'),(87,43,109,178,82800,9200,92000,0,92000,'2018-12-03 13:59:13','CASH','N'),(88,43,84,179,7200,800,8000,0,8000,'2018-12-04 00:32:38','CASH','N'),(89,43,84,180,78300,8700,87000,0,87000,'2018-12-04 00:46:02','CASH','N'),(90,43,84,181,39600,4400,44000,0,44000,'2018-12-04 00:46:15','CASH','N'),(91,43,89,182,18000,2000,20000,0,20000,'2018-12-04 00:46:29','CASH','N'),(92,43,106,183,18000,2000,20000,0,20000,'2018-12-04 00:46:33','CASH','N'),(93,43,84,184,81000,9000,90000,0,90000,'2018-12-04 00:46:39','CASH','N'),(94,43,84,185,147600,16400,164000,0,164000,'2018-12-04 01:51:19','CASH','N'),(95,43,106,187,3600,400,4000,0,4000,'2018-12-04 02:27:18','CASH','N'),(96,43,89,186,39600,4400,44000,0,44000,'2018-12-04 02:27:24','CASH','N'),(97,43,84,188,12600,1400,14000,0,14000,'2018-12-04 02:35:37','CASH','N'),(98,43,84,189,27900,3100,31000,0,31000,'2018-12-04 05:14:12','CASH','N'),(99,43,84,190,3600,400,4000,0,4000,'2018-12-04 15:39:09','CASH','N'),(100,43,84,191,18000,2000,20000,0,20000,'2018-12-04 15:39:24','CASH','N'),(101,43,84,192,189900,21100,211000,0,211000,'2018-12-04 16:04:13','CASH','N'),(102,43,84,193,162900,18100,181000,0,181000,'2018-12-04 16:04:30','CASH','N'),(103,43,109,194,103500,11500,115000,0,115000,'2018-12-04 16:04:43','CASH','N'),(104,47,110,195,436500,48500,485000,0,485000,'2018-12-04 16:05:57','CASH','N'),(105,43,84,196,7200,800,8000,0,8000,'2018-12-05 13:49:37','CASH','N'),(106,43,84,197,46800,5200,52000,0,52000,'2018-12-05 13:50:06','CASH','N'),(107,43,121,201,15300,1700,17000,0,17000,'2018-12-05 14:44:14','CASH','N'),(108,43,89,200,59400,6600,66000,0,66000,'2018-12-05 15:00:35','CASH','N'),(109,43,116,203,35100,3900,39000,0,39000,'2018-12-06 09:29:50','CASH','N'),(110,43,118,204,23400,2600,26000,0,26000,'2018-12-06 09:29:52','CASH','N'),(111,43,108,207,122400,13600,136000,0,136000,'2018-12-06 12:59:36','CASH','N'),(112,43,89,209,18000,2000,20000,0,20000,'2018-12-06 15:19:29','CASH','N'),(113,50,122,216,8100,900,9000,0,9000,'2018-12-06 16:32:57','CASH','N'),(114,43,120,218,11700,1300,13000,0,13000,'2018-12-06 16:36:20','CASH','Y'),(115,43,108,219,15300,1700,17000,0,17000,'2018-12-14 01:25:12','CASH','N'),(116,43,89,217,20700,2300,23000,0,23000,'2018-12-14 09:52:11','CASH','N'),(117,43,89,220,47700,5300,53000,0,53000,'2018-12-16 10:45:04','CASH','N'),(118,43,84,199,53100,5900,59000,0,59000,'2018-12-17 16:08:05','CASH','N'),(119,43,89,221,29700,3300,33000,0,33000,'2018-12-19 22:33:54','CASH','N'),(120,43,106,202,65700,7300,73000,0,73000,'2018-12-19 22:33:57','CASH','N'),(124,43,84,222,7200,800,8000,0,8000,'2019-01-07 14:41:36','CASH','N'),(125,43,89,223,7200,800,8000,0,8000,'2019-01-07 14:41:42','CASH','N'),(126,43,84,224,3600,400,4000,0,4000,'2019-02-02 23:59:55','CASH','N'),(127,43,89,225,3600,400,4000,0,4000,'2019-02-03 00:00:02','CASH','N'),(128,43,84,226,11700,1300,13000,0,13000,'2019-02-03 00:00:17','CASH','N'),(129,43,84,227,103500,11500,115000,0,115000,'2019-02-03 00:00:26','CASH','N'),(130,43,84,228,18000,2000,20000,0,20000,'2019-02-03 00:04:20','CASH','N'),(131,43,84,229,15300,1700,17000,0,17000,'2019-03-07 22:20:25','CASH','N'),(132,43,115,230,140400,15600,156000,0,156000,'2019-03-07 22:20:51','CASH','N'),(133,43,89,231,52200,5800,58000,0,58000,'2019-03-07 22:37:49','CASH','N'),(134,43,84,232,14400,1600,16000,0,16000,'2019-03-08 20:28:08','CASH','N'),(135,43,84,233,17100,1900,19000,0,19000,'2019-03-12 01:25:00','CASH','N'),(136,53,129,237,7200,800,8000,0,8000,'2020-05-15 13:28:46','CASH','N'),(137,53,129,238,51300,5700,57000,0,57000,'2020-05-15 13:30:48','CASH','N'),(138,54,131,240,92700,10300,103000,0,103000,'2020-05-20 21:33:52','CASH','N');
/*!40000 ALTER TABLE `STORE_INVOICE` ENABLE KEYS */;
UNLOCK TABLES;

--
-- Table structure for table `STORE_ORDER`
--

DROP TABLE IF EXISTS `STORE_ORDER`;
/*!40101 SET @saved_cs_client     = @@character_set_client */;
/*!40101 SET character_set_client = utf8 */;
CREATE TABLE `STORE_ORDER` (
  `ORDER_SEQ` int(11) NOT NULL AUTO_INCREMENT,
  `STORE_SEQ` int(11) NOT NULL,
  `TABLE_SEQ` int(11) NOT NULL,
  `MENU_SEQ` int(11) NOT NULL,
  `MAKE` char(2) NOT NULL DEFAULT 'N',
  `ORDER_DATE` datetime NOT NULL DEFAULT CURRENT_TIMESTAMP,
  `MENU_PRICE` int(11) NOT NULL,
  `REF` int(11) NOT NULL,
  `DELFLAG` char(2) NOT NULL,
  `PAYED` char(2) NOT NULL DEFAULT 'N',
  PRIMARY KEY (`ORDER_SEQ`),
  KEY `STORE_ORDER_STORE_SEQ_FK` (`STORE_SEQ`),
  KEY `STORE_ORDER_TABLE_SEQ_FK` (`TABLE_SEQ`),
  KEY `STORE_ORDER_MENU_SEQ_FK` (`MENU_SEQ`),
  CONSTRAINT `STORE_ORDER_MENU_SEQ_FK` FOREIGN KEY (`MENU_SEQ`) REFERENCES `STORE_CATEGORY` (`MENU_SEQ`),
  CONSTRAINT `STORE_ORDER_STORE_SEQ_FK` FOREIGN KEY (`STORE_SEQ`) REFERENCES `STORE_TABLE` (`STORE_SEQ`),
  CONSTRAINT `STORE_ORDER_TABLE_SEQ_FK` FOREIGN KEY (`TABLE_SEQ`) REFERENCES `STORE_TABLE` (`TABLE_SEQ`)
) ENGINE=InnoDB AUTO_INCREMENT=1119 DEFAULT CHARSET=utf8;
/*!40101 SET character_set_client = @saved_cs_client */;

--
-- Dumping data for table `STORE_ORDER`
--

LOCK TABLES `STORE_ORDER` WRITE;
/*!40000 ALTER TABLE `STORE_ORDER` DISABLE KEYS */;
INSERT INTO `STORE_ORDER` VALUES (1,1,1,1,'N','2018-11-02 07:58:51',8000,0,'Y','Y'),(2,1,1,1,'Y','2018-11-11 08:25:31',30000,0,'Y','Y'),(3,1,1,1,'N','2018-11-11 08:30:37',20000,0,'Y','Y'),(4,1,1,1,'N','2018-11-11 08:55:20',20000,0,'Y','Y'),(5,1,1,1,'N','2018-11-11 08:55:54',20000,0,'Y','Y'),(6,1,1,1,'N','2018-11-11 09:12:29',20000,1,'Y','Y'),(7,1,1,1,'N','2018-11-11 09:12:34',20000,2,'Y','Y'),(8,1,1,1,'N','2018-11-11 09:12:35',20000,3,'Y','Y'),(9,1,1,1,'N','2018-11-11 09:12:36',20000,4,'Y','Y'),(10,1,1,1,'N','2018-11-11 09:12:37',20000,5,'Y','Y'),(11,1,1,3,'N','2018-11-11 11:24:58',8000,5,'Y','Y'),(12,1,1,3,'N','2018-11-11 11:25:01',8000,5,'Y','Y'),(13,1,1,3,'N','2018-11-11 11:28:16',8000,6,'Y','Y'),(14,1,1,3,'N','2018-11-11 11:28:16',8000,7,'Y','Y'),(15,1,1,3,'N','2018-11-11 11:28:17',8000,8,'Y','Y'),(16,1,1,3,'N','2018-11-11 11:31:17',8000,9,'Y','Y'),(17,1,1,3,'N','2018-11-11 11:31:17',8000,10,'Y','Y'),(18,1,1,3,'N','2018-11-11 11:31:18',8000,11,'Y','Y'),(19,1,1,1,'N','2018-11-11 12:03:12',20000,0,'Y','Y'),(20,1,1,1,'N','2018-11-11 12:04:48',20000,0,'Y','Y'),(21,1,1,3,'N','2018-11-11 12:06:10',8000,12,'Y','Y'),(22,1,1,3,'N','2018-11-11 12:06:11',8000,13,'Y','Y'),(23,1,1,1,'N','2018-11-11 12:08:30',20000,0,'Y','Y'),(24,1,1,1,'N','2018-11-11 12:09:12',20000,0,'Y','Y'),(25,1,1,3,'N','2018-11-11 12:33:02',8000,14,'Y','Y'),(26,1,1,1,'N','2018-11-11 12:34:23',20000,15,'Y','Y'),(27,1,1,1,'N','2018-11-11 12:35:08',20000,16,'Y','Y'),(28,1,1,1,'N','2018-11-11 12:35:43',20000,3,'Y','Y'),(29,1,1,1,'N','2018-11-11 13:19:06',20000,17,'Y','Y'),(30,1,1,1,'N','2018-11-11 13:30:14',20000,18,'Y','Y'),(31,1,1,1,'N','2018-11-11 13:30:38',20000,19,'Y','Y'),(32,1,1,1,'N','2018-11-11 13:33:04',20000,20,'Y','Y'),(33,1,1,1,'N','2018-11-11 13:34:28',20000,21,'Y','Y'),(34,1,1,1,'N','2018-11-11 13:35:25',20000,22,'Y','Y'),(35,1,1,1,'N','2018-11-11 13:36:12',20000,23,'Y','Y'),(36,1,1,1,'N','2018-11-11 13:36:27',20000,24,'Y','Y'),(37,1,1,1,'N','2018-11-11 13:38:01',20000,25,'Y','Y'),(38,1,1,1,'N','2018-11-11 13:38:25',20000,26,'Y','Y'),(39,1,1,1,'N','2018-11-11 13:39:47',20000,27,'Y','Y'),(40,1,1,1,'N','2018-11-11 13:40:04',20000,28,'Y','Y'),(41,1,1,1,'N','2018-11-11 13:43:30',20000,29,'Y','Y'),(42,1,1,1,'N','2018-11-11 13:46:04',20000,30,'Y','Y'),(43,1,1,1,'N','2018-11-11 13:47:14',20000,31,'Y','Y'),(44,1,1,1,'N','2018-11-11 13:48:23',20000,32,'Y','Y'),(46,12,17,1,'N','2018-11-26 04:37:23',3000,1,'Y','Y'),(47,1,2,2,'N','2018-11-29 04:59:56',5000,0,'Y','Y'),(48,1,25,1,'N','2018-11-29 19:37:04',50000,33,'Y','Y'),(49,1,25,1,'N','2018-11-29 19:37:07',50000,33,'Y','Y'),(50,1,25,1,'N','2018-11-29 19:50:50',50000,33,'Y','Y'),(51,1,25,1,'N','2018-11-29 19:52:10',50000,33,'Y','Y'),(52,1,25,6,'N','2018-11-30 04:51:13',2000,33,'Y','Y'),(53,1,30,1,'N','2018-11-30 04:57:32',20000,34,'Y','Y'),(54,1,30,14,'N','2018-11-30 04:57:47',333333,34,'Y','Y'),(55,1,32,2,'N','2018-11-30 05:00:40',50000,35,'Y','Y'),(56,27,59,19,'N','2018-11-30 05:06:52',3000,36,'Y','Y'),(57,40,60,20,'N','2018-11-30 05:24:40',5000,37,'Y','Y'),(58,1,33,15,'N','2018-11-30 05:29:13',50000,38,'Y','Y'),(59,1,62,15,'N','2018-11-30 05:33:20',50000,39,'Y','Y'),(60,1,65,12,'N','2018-11-30 05:34:59',666666,40,'Y','Y'),(61,1,65,12,'N','2018-11-30 05:35:01',666666,41,'Y','Y'),(62,1,65,12,'N','2018-11-30 05:35:06',666666,42,'Y','Y'),(63,1,65,12,'N','2018-11-30 05:35:09',666666,43,'Y','Y'),(64,1,65,12,'N','2018-11-30 05:35:21',666666,43,'Y','Y'),(65,1,65,12,'N','2018-11-30 05:35:27',666666,43,'Y','Y'),(66,1,65,12,'N','2018-11-30 05:35:29',666666,43,'Y','Y'),(67,1,25,15,'N','2018-11-30 06:42:55',50000,33,'Y','Y'),(68,1,25,15,'N','2018-11-30 06:42:56',50000,33,'Y','Y'),(69,1,63,10,'N','2018-11-30 07:47:59',300000,44,'Y','Y'),(70,41,67,22,'N','2018-11-30 08:34:41',3000,45,'Y','Y'),(71,41,67,22,'N','2018-11-30 08:34:44',3000,46,'Y','Y'),(72,41,67,22,'N','2018-11-30 08:34:46',3000,47,'Y','Y'),(73,41,67,23,'N','2018-11-30 08:34:47',5000,48,'Y','Y'),(74,41,67,22,'N','2018-11-30 08:34:49',3000,49,'Y','Y'),(75,41,68,24,'N','2018-11-30 08:35:12',50000,50,'Y','Y'),(76,1,32,15,'N','2018-11-30 08:35:18',50000,35,'Y','Y'),(77,1,32,15,'N','2018-11-30 08:35:18',50000,35,'Y','Y'),(78,1,32,15,'N','2018-11-30 08:35:19',50000,35,'Y','Y'),(79,1,32,15,'N','2018-11-30 08:35:19',50000,35,'Y','Y'),(80,1,32,15,'N','2018-11-30 08:35:20',50000,35,'Y','Y'),(81,1,32,15,'N','2018-11-30 08:35:20',50000,35,'Y','Y'),(82,1,32,15,'N','2018-11-30 08:35:20',50000,35,'Y','Y'),(83,1,32,15,'N','2018-11-30 08:35:22',50000,35,'Y','Y'),(84,1,32,15,'N','2018-11-30 08:35:23',50000,35,'Y','Y'),(85,41,67,23,'N','2018-11-30 08:36:05',5000,49,'Y','Y'),(86,1,30,9,'N','2018-11-30 08:36:48',30000,34,'Y','Y'),(87,1,64,15,'N','2018-11-30 08:37:55',50000,51,'Y','Y'),(88,1,32,15,'N','2018-12-01 12:19:46',50000,35,'Y','Y'),(89,1,32,9,'N','2018-12-01 12:19:49',30000,35,'Y','Y'),(90,1,32,9,'N','2018-12-01 12:19:52',30000,35,'Y','Y'),(91,1,32,9,'N','2018-12-01 12:19:53',30000,35,'Y','Y'),(92,1,32,9,'N','2018-12-01 12:19:54',30000,35,'Y','Y'),(93,1,30,9,'N','2018-12-02 03:48:49',30000,34,'Y','Y'),(94,1,30,15,'N','2018-12-02 04:38:13',50000,34,'Y','Y'),(95,1,30,15,'N','2018-12-02 04:46:51',50000,34,'Y','Y'),(96,1,30,15,'N','2018-12-02 05:34:19',50000,34,'Y','Y'),(97,1,30,2,'N','2018-12-02 06:09:06',123,34,'Y','Y'),(98,1,30,9,'N','2018-12-02 06:09:12',30000,34,'Y','Y'),(99,1,30,16,'N','2018-12-02 06:09:15',1,34,'Y','Y'),(100,1,30,16,'N','2018-12-02 06:09:16',1,34,'Y','Y'),(101,1,30,16,'N','2018-12-02 06:09:17',1,34,'Y','Y'),(102,1,30,16,'N','2018-12-02 06:24:01',1,34,'Y','Y'),(103,1,30,2,'N','2018-12-02 06:54:11',123,34,'Y','Y'),(104,1,30,2,'N','2018-12-02 06:54:12',123,34,'Y','Y'),(105,1,30,10,'N','2018-12-02 06:54:22',300000,34,'Y','Y'),(106,1,30,10,'N','2018-12-02 06:54:23',300000,34,'Y','Y'),(107,1,30,10,'N','2018-12-02 06:54:27',300000,34,'Y','Y'),(108,1,30,10,'N','2018-12-02 06:54:28',300000,34,'Y','Y'),(109,1,30,9,'N','2018-12-02 06:55:02',30000,34,'Y','Y'),(110,1,30,9,'N','2018-12-02 06:55:03',30000,34,'Y','Y'),(111,1,30,10,'N','2018-12-02 06:55:11',300000,34,'Y','Y'),(112,1,30,10,'N','2018-12-02 06:55:12',300000,34,'Y','Y'),(113,39,69,25,'N','2018-12-02 06:57:20',3000,52,'Y','Y'),(114,39,69,25,'N','2018-12-02 06:57:22',3000,53,'Y','Y'),(115,39,69,25,'N','2018-12-02 06:57:25',3000,54,'Y','Y'),(116,39,69,25,'N','2018-12-02 06:57:27',3000,55,'Y','Y'),(117,39,69,25,'N','2018-12-02 06:57:34',3000,55,'Y','Y'),(118,39,69,25,'N','2018-12-02 06:57:36',3000,55,'Y','Y'),(119,39,69,25,'N','2018-12-02 06:57:38',3000,55,'Y','Y'),(120,39,69,25,'N','2018-12-02 06:58:40',3000,55,'Y','Y'),(121,39,69,25,'N','2018-12-02 06:58:42',3000,55,'Y','Y'),(122,39,69,25,'N','2018-12-02 06:58:45',3000,55,'Y','Y'),(123,39,69,25,'N','2018-12-02 06:58:46',3000,55,'Y','Y'),(124,39,69,25,'N','2018-12-02 07:01:31',3000,54,'Y','Y'),(125,39,69,25,'N','2018-12-02 07:02:20',3000,54,'Y','Y'),(126,39,69,25,'N','2018-12-02 07:07:11',3000,54,'Y','Y'),(127,39,70,25,'N','2018-12-02 07:10:22',3000,56,'Y','Y'),(128,39,70,25,'N','2018-12-02 07:10:42',3000,57,'Y','Y'),(129,39,70,25,'N','2018-12-02 07:10:45',3000,58,'Y','Y'),(130,39,70,25,'N','2018-12-02 07:10:52',3000,58,'Y','Y'),(131,39,70,25,'N','2018-12-02 07:18:54',3000,57,'Y','Y'),(132,39,70,25,'N','2018-12-02 07:19:27',3000,57,'Y','Y'),(133,39,70,25,'N','2018-12-02 07:19:38',3000,57,'Y','Y'),(134,39,69,25,'N','2018-12-02 07:25:22',3000,59,'Y','Y'),(135,39,69,25,'N','2018-12-02 07:27:18',3000,60,'Y','Y'),(136,39,69,25,'N','2018-12-02 07:27:43',3000,61,'Y','Y'),(137,39,69,25,'N','2018-12-02 07:30:53',3000,62,'Y','Y'),(138,39,69,25,'N','2018-12-02 07:31:07',3000,63,'Y','Y'),(139,39,69,25,'N','2018-12-02 07:31:09',3000,63,'Y','Y'),(140,39,69,25,'N','2018-12-02 07:31:10',3000,63,'Y','Y'),(141,39,69,25,'N','2018-12-02 07:31:19',3000,64,'Y','Y'),(142,39,69,25,'N','2018-12-02 07:31:31',3000,65,'Y','Y'),(143,39,71,25,'N','2018-12-02 07:32:04',3000,66,'Y','Y'),(144,39,72,25,'N','2018-12-02 07:32:53',3000,67,'Y','Y'),(145,39,72,25,'N','2018-12-02 07:33:12',3000,68,'Y','Y'),(146,39,72,25,'N','2018-12-02 07:33:14',3000,68,'Y','Y'),(147,39,72,25,'N','2018-12-02 07:33:14',3000,68,'Y','Y'),(148,39,72,25,'N','2018-12-02 07:33:15',3000,68,'Y','Y'),(149,39,71,25,'N','2018-12-02 07:41:47',3000,66,'Y','Y'),(150,39,71,25,'N','2018-12-02 07:41:50',3000,66,'Y','Y'),(151,39,71,25,'N','2018-12-02 07:41:52',3000,66,'Y','Y'),(152,39,71,25,'N','2018-12-02 07:41:53',3000,66,'Y','Y'),(153,39,71,25,'N','2018-12-02 07:41:53',3000,66,'Y','Y'),(154,39,71,25,'N','2018-12-02 07:41:53',3000,66,'Y','Y'),(155,39,71,25,'N','2018-12-02 07:41:53',3000,66,'Y','Y'),(156,39,71,25,'N','2018-12-02 07:43:24',3000,66,'Y','Y'),(157,39,71,25,'N','2018-12-02 07:44:17',3000,66,'Y','Y'),(158,39,71,25,'N','2018-12-02 07:44:19',3000,66,'Y','Y'),(159,39,71,25,'N','2018-12-02 07:44:24',3000,66,'Y','Y'),(160,39,71,25,'N','2018-12-02 07:44:47',3000,66,'Y','Y'),(161,39,71,25,'N','2018-12-02 07:51:49',3000,69,'Y','Y'),(162,39,71,25,'N','2018-12-02 07:51:50',3000,69,'Y','Y'),(163,39,71,25,'N','2018-12-02 07:51:52',3000,69,'Y','Y'),(164,39,69,25,'N','2018-12-02 07:52:41',3000,70,'Y','Y'),(165,39,69,25,'N','2018-12-02 07:52:43',3000,70,'Y','Y'),(166,39,69,25,'N','2018-12-02 07:52:43',3000,70,'Y','Y'),(167,39,69,25,'N','2018-12-02 07:52:43',3000,70,'Y','Y'),(168,39,69,25,'N','2018-12-02 07:52:45',3000,70,'Y','Y'),(169,39,69,25,'N','2018-12-02 07:52:45',3000,70,'Y','Y'),(170,18,73,26,'N','2018-12-02 08:13:27',3000,71,'Y','Y'),(171,18,73,26,'N','2018-12-02 08:13:54',3000,71,'Y','Y'),(172,1,65,2,'N','2018-12-02 08:14:52',123,72,'Y','Y'),(173,1,65,9,'N','2018-12-02 08:14:53',30000,72,'Y','Y'),(174,1,65,10,'N','2018-12-02 08:14:54',300000,72,'Y','Y'),(175,18,73,26,'N','2018-12-02 08:19:44',3000,73,'Y','Y'),(176,18,73,26,'N','2018-12-02 08:19:45',3000,73,'Y','Y'),(177,1,30,2,'N','2018-12-02 08:25:44',123,74,'Y','Y'),(178,1,30,9,'N','2018-12-02 08:25:45',30000,74,'Y','Y'),(179,1,30,10,'N','2018-12-02 08:25:46',300000,74,'Y','Y'),(180,1,30,6,'N','2018-12-02 08:26:11',2000,75,'Y','Y'),(181,1,30,12,'N','2018-12-02 08:29:37',666666,76,'Y','Y'),(182,1,30,21,'N','2018-12-02 08:29:38',5000,76,'Y','Y'),(183,1,30,10,'N','2018-12-02 08:29:38',300000,76,'Y','Y'),(184,1,30,9,'N','2018-12-02 08:29:39',30000,76,'Y','Y'),(185,1,30,2,'N','2018-12-02 08:29:39',123,76,'Y','Y'),(186,1,30,12,'N','2018-12-02 08:29:42',666666,76,'Y','Y'),(187,1,30,12,'N','2018-12-02 08:29:42',666666,76,'Y','Y'),(188,1,30,10,'N','2018-12-02 08:29:43',300000,76,'Y','Y'),(189,1,30,10,'N','2018-12-02 08:29:44',300000,76,'Y','Y'),(190,39,69,25,'N','2018-12-02 08:37:22',3000,77,'Y','Y'),(191,39,69,25,'N','2018-12-02 08:37:22',3000,77,'Y','Y'),(192,39,69,25,'N','2018-12-02 08:37:24',3000,77,'Y','Y'),(193,39,69,25,'N','2018-12-02 08:37:24',3000,77,'Y','Y'),(194,39,69,25,'N','2018-12-02 08:38:48',3000,78,'Y','Y'),(195,39,69,25,'N','2018-12-02 08:38:48',3000,79,'Y','Y'),(196,39,69,25,'N','2018-12-02 08:38:50',3000,79,'Y','Y'),(197,39,69,25,'N','2018-12-02 08:39:13',3000,80,'Y','Y'),(198,39,69,25,'N','2018-12-02 08:39:13',3000,81,'Y','Y'),(199,39,69,25,'N','2018-12-02 08:39:15',3000,81,'Y','Y'),(200,39,69,25,'N','2018-12-02 08:40:02',3000,82,'Y','Y'),(201,39,69,25,'N','2018-12-02 08:40:17',3000,83,'Y','Y'),(202,39,69,25,'N','2018-12-02 08:40:17',3000,84,'Y','Y'),(204,39,69,25,'N','2018-12-02 08:40:17',3000,85,'Y','Y'),(205,39,69,25,'N','2018-12-02 08:40:24',3000,85,'Y','Y'),(206,39,69,25,'N','2018-12-02 08:40:25',3000,85,'Y','Y'),(207,39,69,25,'N','2018-12-02 08:40:26',3000,85,'Y','Y'),(208,39,69,25,'N','2018-12-02 08:40:26',3000,85,'Y','Y'),(209,39,69,25,'N','2018-12-02 08:40:26',3000,85,'Y','Y'),(210,39,69,25,'N','2018-12-02 08:40:27',3000,85,'Y','Y'),(211,39,69,25,'N','2018-12-02 08:41:28',3000,86,'Y','Y'),(212,39,69,25,'N','2018-12-02 08:41:44',3000,87,'Y','N'),(213,39,69,25,'N','2018-12-02 08:41:51',3000,88,'Y','Y'),(214,39,69,25,'N','2018-12-02 08:41:54',3000,88,'Y','Y'),(215,39,69,25,'N','2018-12-02 08:41:55',3000,88,'Y','Y'),(216,39,69,25,'N','2018-12-02 08:42:08',3000,89,'Y','Y'),(217,39,69,25,'N','2018-12-02 08:42:09',3000,89,'Y','Y'),(218,39,69,25,'N','2018-12-02 08:42:10',3000,89,'Y','Y'),(219,39,69,25,'N','2018-12-02 08:42:10',3000,89,'Y','Y'),(220,39,69,25,'N','2018-12-02 08:42:10',3000,89,'Y','Y'),(221,39,69,25,'N','2018-12-02 08:42:10',3000,89,'Y','Y'),(222,39,69,25,'N','2018-12-02 08:42:10',3000,89,'Y','Y'),(223,39,69,25,'N','2018-12-02 08:42:10',3000,89,'Y','Y'),(224,39,69,25,'N','2018-12-02 08:42:11',3000,89,'Y','Y'),(225,39,69,25,'N','2018-12-02 08:42:11',3000,89,'Y','Y'),(226,39,69,25,'N','2018-12-02 08:42:11',3000,89,'Y','Y'),(227,39,69,25,'N','2018-12-02 08:42:12',3000,89,'Y','Y'),(228,39,69,25,'N','2018-12-02 08:42:12',3000,89,'Y','Y'),(229,39,69,25,'N','2018-12-02 08:42:12',3000,89,'Y','Y'),(230,39,69,25,'N','2018-12-02 08:42:12',3000,89,'Y','Y'),(231,39,69,25,'N','2018-12-02 08:42:12',3000,89,'Y','Y'),(232,39,69,25,'N','2018-12-02 08:42:13',3000,89,'Y','Y'),(233,39,69,25,'N','2018-12-02 08:42:13',3000,89,'Y','Y'),(234,39,69,25,'N','2018-12-02 08:42:13',3000,89,'Y','Y'),(235,39,70,25,'N','2018-12-02 08:42:49',3000,90,'Y','N'),(236,39,70,25,'N','2018-12-02 08:42:54',3000,91,'Y','N'),(237,39,69,25,'N','2018-12-02 08:43:13',3000,92,'Y','Y'),(238,39,69,25,'N','2018-12-02 08:43:14',3000,92,'Y','Y'),(239,39,69,25,'N','2018-12-02 08:43:14',3000,92,'Y','Y'),(240,18,73,26,'N','2018-12-02 08:44:36',3000,93,'Y','Y'),(241,18,73,26,'N','2018-12-02 08:44:37',3000,94,'Y','Y'),(242,18,73,26,'N','2018-12-02 08:44:38',3000,95,'Y','Y'),(243,18,73,26,'N','2018-12-02 08:44:40',3000,96,'Y','Y'),(244,42,74,27,'N','2018-12-02 08:48:24',5000,97,'Y','Y'),(245,42,74,27,'N','2018-12-02 08:48:26',5000,97,'Y','Y'),(246,42,74,27,'N','2018-12-02 08:48:27',5000,97,'Y','Y'),(247,42,74,27,'N','2018-12-02 08:48:28',5000,97,'Y','Y'),(248,42,74,27,'N','2018-12-02 08:51:42',5000,98,'Y','Y'),(249,42,74,27,'N','2018-12-02 08:51:43',5000,99,'Y','Y'),(250,42,74,27,'N','2018-12-02 08:51:43',5000,100,'Y','Y'),(251,42,74,27,'N','2018-12-02 08:51:46',5000,100,'Y','Y'),(252,42,74,27,'N','2018-12-02 08:51:46',5000,100,'Y','Y'),(253,42,74,27,'N','2018-12-02 08:58:52',5000,101,'Y','Y'),(254,42,74,27,'N','2018-12-02 08:59:01',5000,102,'Y','N'),(255,42,74,27,'N','2018-12-02 08:59:16',5000,103,'Y','Y'),(256,42,74,27,'N','2018-12-02 08:59:48',5000,104,'Y','Y'),(257,42,74,27,'N','2018-12-02 08:59:50',5000,104,'Y','Y'),(258,42,74,27,'N','2018-12-02 08:59:51',5000,104,'Y','Y'),(259,43,75,28,'N','2018-12-02 09:04:22',5000,105,'N','Y'),(260,43,75,28,'N','2018-12-02 09:04:24',5000,105,'N','Y'),(261,43,75,28,'N','2018-12-02 09:05:12',5000,106,'N','Y'),(262,43,75,29,'N','2018-12-02 09:11:08',300000000,107,'N','Y'),(263,43,75,29,'N','2018-12-02 09:14:03',300000000,108,'Y','N'),(264,43,75,29,'N','2018-12-02 09:14:09',300000000,109,'Y','N'),(265,43,75,28,'N','2018-12-02 09:16:39',5000,110,'N','Y'),(266,43,75,29,'N','2018-12-02 09:16:40',300000000,110,'Y','Y'),(267,43,75,30,'N','2018-12-02 09:16:40',3000,110,'N','Y'),(268,43,75,31,'N','2018-12-02 09:16:41',5000,110,'N','Y'),(269,43,75,28,'N','2018-12-02 09:23:06',5000,110,'N','Y'),(270,43,75,28,'N','2018-12-02 09:23:51',5000,110,'Y','Y'),(271,43,75,28,'N','2018-12-02 09:27:41',5000,110,'Y','Y'),(272,43,75,29,'N','2018-12-02 09:27:41',300000000,110,'Y','Y'),(273,43,75,29,'N','2018-12-02 09:28:37',300000000,110,'Y','Y'),(274,43,76,28,'N','2018-12-02 09:28:54',5000,111,'N','Y'),(275,43,76,30,'N','2018-12-02 09:28:55',3000,111,'Y','Y'),(276,43,76,31,'N','2018-12-02 09:28:56',5000,111,'N','Y'),(277,43,75,29,'N','2018-12-02 09:31:55',300000000,112,'Y','Y'),(278,43,75,29,'N','2018-12-02 09:31:55',300000000,112,'Y','Y'),(279,43,75,29,'N','2018-12-02 09:31:56',300000000,112,'Y','Y'),(280,43,75,30,'N','2018-12-02 09:31:57',3000,112,'N','Y'),(281,43,75,28,'N','2018-12-02 09:31:57',5000,112,'N','Y'),(282,43,75,31,'N','2018-12-02 09:31:57',5000,112,'N','Y'),(283,43,75,30,'N','2018-12-02 09:31:57',3000,112,'Y','Y'),(284,43,75,28,'N','2018-12-02 09:36:16',5000,113,'N','Y'),(285,43,75,30,'N','2018-12-02 09:36:17',3000,113,'N','Y'),(286,43,75,31,'N','2018-12-02 09:36:17',5000,113,'N','Y'),(287,43,75,30,'N','2018-12-02 09:36:18',3000,113,'Y','Y'),(288,43,75,28,'N','2018-12-02 09:36:19',5000,113,'N','Y'),(289,43,75,28,'N','2018-12-02 09:36:19',5000,113,'N','Y'),(290,43,75,28,'N','2018-12-02 09:38:16',5000,114,'N','N'),(291,43,75,30,'N','2018-12-02 09:38:17',3000,114,'N','N'),(292,43,84,28,'N','2018-12-02 09:38:32',5000,115,'N','Y'),(293,43,84,31,'N','2018-12-02 09:38:33',5000,115,'N','Y'),(294,43,84,31,'N','2018-12-02 09:38:33',5000,115,'N','Y'),(295,43,84,30,'N','2018-12-02 09:42:46',3000,116,'Y','Y'),(296,43,84,28,'N','2018-12-02 09:42:46',5000,116,'N','Y'),(297,43,84,31,'N','2018-12-02 09:42:47',5000,116,'N','Y'),(298,43,84,28,'N','2018-12-02 09:42:48',5000,116,'N','Y'),(299,43,84,28,'N','2018-12-02 09:42:49',5000,116,'N','Y'),(300,43,84,31,'N','2018-12-02 09:42:52',5000,116,'N','Y'),(301,43,84,31,'N','2018-12-02 09:42:53',5000,116,'N','Y'),(302,43,84,31,'N','2018-12-02 09:42:54',5000,116,'N','Y'),(303,43,84,28,'N','2018-12-02 09:43:11',5000,117,'N','Y'),(304,43,84,28,'N','2018-12-02 09:43:12',5000,118,'N','Y'),(305,43,84,28,'N','2018-12-02 09:43:12',5000,119,'N','Y'),(306,43,84,30,'N','2018-12-02 09:43:13',3000,119,'N','Y'),(307,43,84,28,'N','2018-12-02 09:43:14',5000,119,'N','Y'),(308,43,84,28,'N','2018-12-02 09:43:14',5000,119,'N','Y'),(309,43,84,28,'N','2018-12-02 09:43:15',5000,119,'N','Y'),(310,43,84,30,'N','2018-12-02 09:43:15',3000,119,'N','Y'),(311,43,84,30,'N','2018-12-02 09:43:16',3000,119,'N','Y'),(312,43,84,30,'N','2018-12-02 09:43:16',3000,119,'N','Y'),(313,43,84,30,'N','2018-12-02 09:43:16',3000,119,'N','Y'),(314,43,84,30,'N','2018-12-02 09:43:17',3000,119,'N','Y'),(315,43,84,28,'N','2018-12-02 09:57:59',5000,118,'N','Y'),(316,43,84,30,'N','2018-12-02 09:58:22',3000,120,'N','Y'),(317,43,84,28,'N','2018-12-02 10:00:46',5000,121,'Y','N'),(318,43,84,31,'N','2018-12-02 10:01:07',5000,122,'Y','N'),(319,43,84,28,'N','2018-12-02 10:01:22',5000,123,'N','Y'),(320,43,84,30,'N','2018-12-02 10:01:23',3000,123,'N','Y'),(321,43,84,31,'N','2018-12-02 10:01:24',5000,123,'Y','Y'),(322,43,84,30,'N','2018-12-02 10:01:25',3000,123,'N','Y'),(323,43,84,30,'N','2018-12-02 10:01:26',3000,123,'N','Y'),(324,43,84,28,'N','2018-12-02 10:07:51',5000,124,'N','Y'),(325,43,84,28,'N','2018-12-02 10:07:59',5000,124,'N','Y'),(326,43,84,30,'N','2018-12-02 10:08:26',3000,125,'Y','N'),(327,43,84,30,'N','2018-12-02 10:08:58',3000,126,'N','Y'),(328,43,84,31,'N','2018-12-02 10:08:59',5000,127,'N','Y'),(329,43,84,28,'N','2018-12-02 10:09:00',5000,126,'N','Y'),(330,43,84,30,'N','2018-12-02 10:09:04',3000,127,'N','Y'),(331,43,84,28,'N','2018-12-02 10:09:06',5000,127,'N','Y'),(332,43,84,31,'N','2018-12-02 10:09:59',5000,128,'N','Y'),(333,43,84,30,'N','2018-12-02 10:10:01',3000,129,'N','Y'),(334,43,84,31,'N','2018-12-02 10:10:08',5000,129,'N','Y'),(335,43,84,30,'N','2018-12-02 10:10:23',3000,130,'N','Y'),(336,43,84,31,'N','2018-12-02 10:10:27',5000,130,'N','Y'),(337,43,84,28,'N','2018-12-02 10:10:41',5000,131,'N','Y'),(338,43,84,30,'N','2018-12-02 10:10:43',3000,131,'N','Y'),(339,43,84,31,'N','2018-12-02 10:10:44',5000,131,'N','Y'),(340,43,84,28,'N','2018-12-02 10:12:17',5000,132,'N','Y'),(341,43,84,28,'N','2018-12-02 10:12:19',5000,132,'N','Y'),(342,43,84,28,'N','2018-12-02 12:14:08',5000,133,'N','Y'),(343,43,84,28,'N','2018-12-02 12:15:10',5000,134,'Y','N'),(344,43,84,30,'N','2018-12-02 12:15:14',3000,134,'Y','N'),(345,43,84,31,'N','2018-12-02 12:15:14',5000,134,'Y','N'),(346,43,84,30,'N','2018-12-02 12:15:15',3000,134,'Y','N'),(347,43,84,28,'N','2018-12-02 12:15:24',5000,135,'N','Y'),(348,43,84,30,'N','2018-12-02 12:15:25',3000,135,'N','Y'),(349,43,84,31,'N','2018-12-02 12:15:25',5000,135,'N','Y'),(350,43,84,30,'N','2018-12-02 12:15:42',3000,136,'N','Y'),(351,43,84,31,'N','2018-12-02 12:15:42',5000,136,'N','Y'),(352,43,84,28,'N','2018-12-02 12:15:54',5000,137,'N','Y'),(353,43,84,30,'N','2018-12-02 12:15:55',3000,137,'N','Y'),(354,43,84,29,'N','2018-12-02 12:15:55',300000000,137,'Y','Y'),(355,43,84,31,'N','2018-12-02 12:15:55',5000,137,'N','Y'),(356,43,84,29,'N','2018-12-02 12:15:56',300000000,137,'Y','Y'),(357,43,84,28,'N','2018-12-02 12:24:17',5000,138,'N','Y'),(358,43,84,29,'N','2018-12-02 12:24:43',300000000,139,'N','Y'),(359,43,84,29,'N','2018-12-02 12:24:44',300000000,139,'N','Y'),(360,43,84,29,'N','2018-12-02 12:24:44',300000000,139,'N','Y'),(361,43,84,30,'N','2018-12-02 12:24:44',3000,139,'N','Y'),(362,43,84,30,'N','2018-12-02 12:24:44',3000,139,'N','Y'),(363,43,84,31,'N','2018-12-02 12:24:45',5000,139,'N','Y'),(364,43,84,28,'N','2018-12-02 12:25:23',5000,140,'Y','N'),(365,43,84,28,'N','2018-12-02 12:25:56',5000,141,'N','Y'),(366,43,84,31,'N','2018-12-02 12:26:16',5000,141,'N','Y'),(367,43,84,31,'N','2018-12-02 12:26:17',5000,141,'N','Y'),(368,43,84,30,'N','2018-12-02 12:33:36',3000,142,'N','Y'),(369,43,84,28,'N','2018-12-02 12:36:07',5000,142,'Y','Y'),(370,43,84,28,'N','2018-12-02 12:36:54',5000,142,'N','Y'),(371,43,84,28,'N','2018-12-02 12:36:54',5000,142,'N','Y'),(372,43,84,30,'N','2018-12-02 12:36:55',3000,142,'Y','Y'),(373,43,84,30,'N','2018-12-02 12:36:55',3000,142,'Y','Y'),(374,43,84,30,'N','2018-12-02 12:36:55',3000,142,'Y','Y'),(375,43,84,31,'N','2018-12-02 12:36:56',5000,142,'N','Y'),(376,43,84,28,'N','2018-12-02 12:46:15',5000,142,'Y','Y'),(377,43,84,28,'N','2018-12-02 12:46:15',5000,142,'Y','Y'),(378,43,84,28,'N','2018-12-02 12:59:15',5000,142,'Y','Y'),(379,43,84,28,'N','2018-12-02 13:01:20',5000,142,'Y','Y'),(380,43,84,28,'N','2018-12-02 13:01:21',5000,142,'Y','Y'),(381,43,84,28,'N','2018-12-02 13:02:11',5000,142,'Y','Y'),(382,43,84,28,'N','2018-12-02 13:02:12',5000,142,'Y','Y'),(383,43,84,28,'N','2018-12-02 23:41:57',5000,142,'Y','Y'),(384,43,84,28,'N','2018-12-02 23:41:58',5000,142,'Y','Y'),(385,43,84,28,'N','2018-12-02 23:41:59',5000,142,'Y','Y'),(386,43,84,28,'N','2018-12-02 23:41:59',5000,142,'Y','Y'),(387,43,84,28,'N','2018-12-02 23:45:31',5000,142,'Y','Y'),(388,43,84,28,'N','2018-12-02 23:45:32',5000,142,'Y','Y'),(389,43,84,28,'N','2018-12-02 23:45:55',5000,142,'Y','Y'),(390,43,84,28,'N','2018-12-02 23:45:56',5000,142,'Y','Y'),(391,43,84,28,'N','2018-12-02 23:45:56',5000,142,'Y','Y'),(392,43,84,28,'N','2018-12-02 23:46:02',5000,142,'Y','Y'),(393,43,84,28,'N','2018-12-02 23:46:38',5000,142,'Y','Y'),(394,43,84,28,'N','2018-12-02 23:46:43',5000,142,'N','Y'),(395,43,84,28,'N','2018-12-02 23:46:44',5000,142,'N','Y'),(396,43,84,28,'N','2018-12-02 23:46:45',5000,142,'N','Y'),(397,43,84,28,'N','2018-12-02 23:46:45',5000,142,'N','Y'),(398,43,84,30,'N','2018-12-02 23:46:48',3000,142,'N','Y'),(399,43,84,30,'N','2018-12-02 23:46:49',3000,142,'N','Y'),(400,43,84,30,'N','2018-12-02 23:46:50',3000,142,'N','Y'),(401,43,84,28,'N','2018-12-02 23:46:51',5000,142,'N','Y'),(402,43,84,28,'N','2018-12-02 23:48:00',5000,143,'Y','N'),(403,43,84,28,'N','2018-12-02 23:48:01',5000,143,'Y','N'),(404,43,84,28,'N','2018-12-02 23:48:01',5000,143,'Y','N'),(405,43,84,28,'N','2018-12-02 23:48:49',5000,143,'Y','N'),(406,43,84,28,'N','2018-12-02 23:48:50',5000,143,'Y','N'),(407,43,84,28,'N','2018-12-02 23:51:24',5000,144,'Y','N'),(408,43,84,28,'N','2018-12-02 23:52:43',5000,144,'Y','N'),(409,43,84,28,'N','2018-12-02 23:52:43',5000,144,'Y','N'),(410,43,84,28,'N','2018-12-02 23:55:04',5000,145,'Y','N'),(411,43,84,28,'N','2018-12-03 00:04:45',5000,146,'Y','N'),(412,43,84,28,'N','2018-12-03 00:05:46',5000,146,'Y','N'),(413,43,84,28,'N','2018-12-03 00:05:46',5000,146,'Y','N'),(414,43,84,28,'N','2018-12-03 00:05:48',5000,146,'Y','N'),(415,43,84,28,'N','2018-12-03 00:05:48',5000,146,'Y','N'),(416,43,84,28,'N','2018-12-03 00:05:49',5000,146,'Y','N'),(417,43,84,28,'N','2018-12-03 00:05:49',5000,146,'Y','N'),(418,43,84,28,'N','2018-12-03 00:05:51',5000,146,'Y','N'),(419,43,84,28,'N','2018-12-03 00:05:54',5000,146,'Y','N'),(420,43,84,28,'N','2018-12-03 00:05:55',5000,146,'Y','N'),(421,43,84,28,'N','2018-12-03 00:05:55',5000,146,'Y','N'),(422,43,84,28,'N','2018-12-03 00:06:06',5000,146,'Y','N'),(423,43,84,28,'N','2018-12-03 00:06:06',5000,146,'Y','N'),(424,43,84,28,'N','2018-12-03 00:06:06',5000,146,'Y','N'),(425,43,84,28,'N','2018-12-03 00:06:07',5000,146,'Y','N'),(426,43,84,29,'N','2018-12-03 00:06:08',300000000,146,'Y','N'),(427,43,84,30,'N','2018-12-03 00:06:08',3000,146,'Y','N'),(428,43,84,28,'N','2018-12-03 00:06:38',5000,146,'Y','N'),(429,43,84,28,'N','2018-12-03 00:06:38',5000,146,'Y','N'),(430,43,84,28,'N','2018-12-03 00:07:10',5000,147,'Y','N'),(431,43,84,28,'N','2018-12-03 00:07:11',5000,147,'Y','N'),(432,43,84,28,'N','2018-12-03 00:07:11',5000,147,'Y','N'),(433,43,84,28,'N','2018-12-03 00:27:48',5000,148,'Y','N'),(434,43,84,28,'N','2018-12-03 00:28:18',5000,148,'Y','N'),(435,43,84,28,'N','2018-12-03 00:35:01',5000,149,'Y','N'),(436,43,84,28,'N','2018-12-03 00:35:34',5000,150,'N','Y'),(437,43,84,28,'N','2018-12-03 00:35:35',5000,150,'Y','Y'),(438,43,84,28,'N','2018-12-03 00:35:35',5000,150,'Y','Y'),(439,43,84,28,'N','2018-12-03 00:35:35',5000,150,'Y','Y'),(440,43,84,28,'N','2018-12-03 00:35:36',5000,150,'Y','Y'),(441,43,84,28,'N','2018-12-03 00:41:17',5000,150,'Y','Y'),(442,43,84,28,'N','2018-12-03 00:41:17',5000,150,'Y','Y'),(443,43,84,28,'N','2018-12-03 00:41:20',5000,150,'Y','Y'),(444,43,84,31,'N','2018-12-03 00:41:20',5000,150,'N','Y'),(445,43,84,28,'N','2018-12-03 00:41:22',5000,150,'N','Y'),(446,43,84,28,'N','2018-12-03 00:41:22',5000,150,'N','Y'),(447,43,84,28,'N','2018-12-03 00:50:37',5000,151,'N','Y'),(448,43,84,28,'N','2018-12-03 00:56:37',5000,151,'Y','Y'),(449,43,84,28,'N','2018-12-03 00:56:38',5000,151,'Y','Y'),(450,43,84,28,'N','2018-12-03 00:56:43',5000,151,'N','Y'),(451,43,84,28,'N','2018-12-03 01:38:22',5000,151,'Y','Y'),(452,43,84,28,'N','2018-12-03 01:38:22',5000,151,'Y','Y'),(453,43,84,28,'N','2018-12-03 01:38:25',5000,151,'Y','Y'),(454,43,84,30,'N','2018-12-03 01:38:27',3000,151,'Y','Y'),(455,43,84,28,'N','2018-12-03 01:38:41',5000,152,'Y','N'),(456,43,84,29,'N','2018-12-03 01:38:42',300000000,152,'Y','N'),(457,43,84,28,'N','2018-12-03 01:38:42',5000,152,'Y','N'),(458,43,84,28,'N','2018-12-03 01:39:29',5000,153,'N','Y'),(459,43,84,30,'N','2018-12-03 02:00:24',3000,153,'N','Y'),(460,43,84,31,'N','2018-12-03 02:00:25',5000,153,'N','Y'),(461,43,84,29,'N','2018-12-03 02:02:03',300000000,153,'Y','Y'),(462,43,84,32,'N','2018-12-03 02:18:04',5000,153,'N','Y'),(463,43,84,28,'N','2018-12-03 02:19:07',5000,154,'N','Y'),(464,43,84,30,'N','2018-12-03 02:19:08',3000,154,'N','Y'),(465,43,84,30,'N','2018-12-03 02:55:48',3000,154,'N','Y'),(466,43,84,28,'N','2018-12-03 02:55:49',5000,154,'N','Y'),(467,43,84,28,'N','2018-12-03 02:55:49',5000,154,'N','Y'),(468,43,84,33,'N','2018-12-03 02:55:53',6000,154,'N','Y'),(469,43,84,32,'N','2018-12-03 02:56:17',5000,154,'N','Y'),(470,43,84,33,'N','2018-12-03 02:56:18',6000,154,'N','Y'),(471,43,84,32,'N','2018-12-03 02:56:22',5000,154,'N','Y'),(472,43,84,32,'N','2018-12-03 02:56:23',5000,154,'N','Y'),(473,43,84,32,'N','2018-12-03 02:57:35',5000,155,'N','Y'),(474,43,84,33,'N','2018-12-03 02:57:36',6000,155,'N','Y'),(475,43,84,33,'N','2018-12-03 02:57:36',6000,155,'N','Y'),(476,43,84,32,'N','2018-12-03 02:57:38',5000,155,'N','Y'),(477,43,84,29,'N','2018-12-03 02:58:05',300000000,156,'Y','N'),(478,43,84,32,'N','2018-12-03 02:58:06',5000,156,'Y','N'),(479,43,84,32,'N','2018-12-03 03:44:00',5000,157,'N','Y'),(480,43,84,32,'N','2018-12-03 03:44:01',5000,157,'N','Y'),(481,43,84,32,'N','2018-12-03 03:44:02',5000,157,'N','Y'),(482,43,84,32,'N','2018-12-03 03:44:02',5000,157,'N','Y'),(483,43,84,32,'N','2018-12-03 03:44:03',5000,157,'Y','Y'),(484,43,84,32,'N','2018-12-03 03:44:04',5000,157,'Y','Y'),(485,43,84,34,'N','2018-12-03 04:38:37',2500,158,'N','Y'),(486,43,84,35,'N','2018-12-03 04:38:37',2000,158,'N','Y'),(487,43,84,36,'N','2018-12-03 04:38:38',4000,158,'N','Y'),(488,43,84,34,'N','2018-12-03 04:38:39',2500,158,'N','Y'),(489,43,84,34,'N','2018-12-03 04:38:40',2500,158,'Y','Y'),(490,43,84,35,'N','2018-12-03 04:38:51',2000,158,'N','Y'),(491,43,84,35,'N','2018-12-03 04:38:52',2000,158,'N','Y'),(492,43,84,34,'N','2018-12-03 04:40:41',2500,159,'Y','N'),(493,43,84,34,'N','2018-12-03 04:40:44',2500,159,'Y','N'),(494,43,84,34,'N','2018-12-03 04:40:50',2500,159,'Y','N'),(495,43,84,34,'N','2018-12-03 04:40:58',2500,159,'Y','N'),(496,43,84,34,'N','2018-12-03 04:40:59',2500,159,'Y','N'),(497,43,84,36,'N','2018-12-03 04:41:05',4000,159,'Y','N'),(498,43,84,34,'N','2018-12-03 04:42:08',2500,160,'N','Y'),(499,43,84,34,'N','2018-12-03 04:42:18',2500,160,'Y','Y'),(500,43,84,34,'N','2018-12-03 04:42:18',2500,160,'Y','Y'),(501,43,84,34,'N','2018-12-03 04:44:14',2500,161,'Y','N'),(502,43,84,35,'N','2018-12-03 04:44:17',2000,161,'Y','N'),(503,43,84,40,'N','2018-12-03 04:45:05',5000,162,'Y','Y'),(504,43,84,36,'N','2018-12-03 04:46:41',4000,162,'N','Y'),(505,43,84,36,'N','2018-12-03 04:46:45',4000,162,'N','Y'),(506,43,84,40,'N','2018-12-03 04:46:46',5000,162,'N','Y'),(507,43,84,40,'N','2018-12-03 04:46:47',5000,162,'N','Y'),(508,43,84,40,'N','2018-12-03 04:46:48',5000,162,'N','Y'),(509,43,84,36,'N','2018-12-03 04:48:09',4000,163,'Y','N'),(510,43,84,40,'N','2018-12-03 04:48:10',5000,163,'Y','N'),(511,43,84,41,'N','2018-12-03 04:48:11',3000,163,'Y','N'),(512,43,84,36,'N','2018-12-03 05:12:27',4000,163,'Y','N'),(513,43,84,36,'N','2018-12-03 05:12:30',4000,163,'Y','N'),(514,43,84,36,'N','2018-12-03 05:12:31',4000,163,'Y','N'),(515,43,84,36,'N','2018-12-03 05:12:36',4000,163,'Y','N'),(516,43,84,40,'N','2018-12-03 05:12:37',5000,163,'Y','N'),(517,43,84,44,'N','2018-12-03 05:15:03',15000,164,'N','Y'),(518,43,84,45,'N','2018-12-03 05:15:05',20000,164,'N','Y'),(519,43,84,42,'N','2018-12-03 05:15:07',4000,164,'N','Y'),(520,43,84,42,'N','2018-12-03 05:15:09',4000,164,'N','Y'),(521,43,84,42,'N','2018-12-03 05:15:09',4000,164,'N','Y'),(522,43,89,36,'N','2018-12-03 05:21:18',4000,165,'N','Y'),(523,43,89,42,'N','2018-12-03 05:21:43',4000,165,'N','Y'),(524,43,89,43,'N','2018-12-03 05:21:44',4000,165,'N','Y'),(525,43,89,44,'N','2018-12-03 05:21:45',15000,165,'N','Y'),(526,43,89,45,'N','2018-12-03 05:21:46',20000,165,'N','Y'),(527,43,89,36,'N','2018-12-03 05:21:47',4000,165,'N','Y'),(528,43,89,40,'N','2018-12-03 05:21:47',5000,165,'N','Y'),(529,43,89,41,'N','2018-12-03 05:21:47',3000,165,'N','Y'),(530,43,106,42,'N','2018-12-03 05:22:50',4000,166,'N','Y'),(531,43,106,43,'N','2018-12-03 05:22:51',4000,166,'N','Y'),(532,43,106,45,'N','2018-12-03 05:22:52',20000,166,'N','Y'),(533,43,106,44,'N','2018-12-03 05:22:53',15000,166,'N','Y'),(534,43,106,36,'N','2018-12-03 05:22:54',4000,166,'N','Y'),(535,43,106,40,'N','2018-12-03 05:22:54',5000,166,'N','Y'),(536,43,106,41,'N','2018-12-03 05:22:55',3000,166,'N','Y'),(537,43,106,40,'N','2018-12-03 05:22:55',5000,166,'N','Y'),(538,43,106,36,'N','2018-12-03 05:22:55',4000,166,'N','Y'),(539,43,106,42,'N','2018-12-03 05:22:56',4000,166,'N','Y'),(540,43,106,43,'N','2018-12-03 05:22:57',4000,166,'N','Y'),(541,43,106,42,'N','2018-12-03 05:22:57',4000,166,'N','Y'),(542,43,106,42,'N','2018-12-03 05:22:57',4000,166,'N','Y'),(543,43,106,43,'N','2018-12-03 05:22:58',4000,166,'N','Y'),(544,43,106,43,'N','2018-12-03 05:22:58',4000,166,'N','Y'),(545,43,106,42,'N','2018-12-03 05:22:59',4000,166,'N','Y'),(546,43,106,43,'N','2018-12-03 05:22:59',4000,166,'N','Y'),(547,43,106,43,'N','2018-12-03 05:23:00',4000,166,'N','Y'),(548,43,106,42,'N','2018-12-03 05:23:00',4000,166,'N','Y'),(549,43,106,43,'N','2018-12-03 05:23:00',4000,166,'N','Y'),(550,43,106,42,'N','2018-12-03 05:23:00',4000,166,'N','Y'),(551,43,106,43,'N','2018-12-03 05:23:00',4000,166,'N','Y'),(552,43,106,42,'N','2018-12-03 05:23:01',4000,166,'N','Y'),(553,43,106,43,'N','2018-12-03 05:23:01',4000,166,'N','Y'),(554,43,106,42,'N','2018-12-03 05:23:01',4000,166,'N','Y'),(555,43,106,44,'N','2018-12-03 05:23:07',15000,166,'N','Y'),(556,43,106,44,'N','2018-12-03 05:23:07',15000,166,'N','Y'),(557,43,106,44,'N','2018-12-03 05:23:07',15000,166,'N','Y'),(558,43,106,44,'N','2018-12-03 05:23:08',15000,166,'Y','Y'),(559,43,106,44,'N','2018-12-03 05:23:08',15000,166,'Y','Y'),(560,43,106,44,'N','2018-12-03 05:23:10',15000,166,'N','Y'),(561,43,106,44,'N','2018-12-03 05:23:10',15000,166,'N','Y'),(562,43,106,44,'N','2018-12-03 05:23:10',15000,166,'N','Y'),(563,43,106,44,'N','2018-12-03 05:23:10',15000,166,'N','Y'),(564,43,106,44,'N','2018-12-03 05:23:11',15000,166,'N','Y'),(565,43,84,44,'N','2018-12-03 05:24:13',15000,164,'N','Y'),(566,43,84,44,'N','2018-12-03 05:24:13',15000,164,'N','Y'),(567,43,84,45,'N','2018-12-03 05:24:14',20000,164,'N','Y'),(568,43,84,45,'N','2018-12-03 05:24:14',20000,164,'N','Y'),(569,43,84,42,'N','2018-12-03 05:24:48',4000,164,'Y','Y'),(570,43,84,42,'N','2018-12-03 05:24:48',4000,164,'Y','Y'),(571,43,106,45,'N','2018-12-03 05:28:07',20000,167,'Y','N'),(572,43,84,44,'N','2018-12-03 05:49:16',15000,168,'N','Y'),(573,43,84,42,'N','2018-12-03 05:49:20',4000,168,'N','Y'),(574,43,84,42,'N','2018-12-03 05:49:23',4000,168,'N','Y'),(575,43,84,42,'N','2018-12-03 05:49:24',4000,168,'N','Y'),(576,43,84,44,'N','2018-12-03 06:47:45',15000,169,'N','Y'),(577,43,84,42,'N','2018-12-03 08:44:06',4000,169,'N','Y'),(578,43,84,43,'N','2018-12-03 08:44:06',4000,169,'N','Y'),(579,43,84,36,'N','2018-12-03 08:44:08',4000,169,'N','Y'),(580,43,84,36,'N','2018-12-03 08:44:09',4000,169,'N','Y'),(581,43,84,36,'N','2018-12-03 08:44:09',4000,169,'N','Y'),(582,43,84,40,'N','2018-12-03 08:44:10',5000,169,'N','Y'),(583,43,84,42,'N','2018-12-03 08:44:11',4000,169,'N','Y'),(584,43,84,43,'N','2018-12-03 08:44:11',4000,169,'N','Y'),(585,43,84,43,'N','2018-12-03 08:44:11',4000,169,'N','Y'),(586,43,84,42,'N','2018-12-03 08:44:12',4000,169,'N','Y'),(587,43,84,40,'N','2018-12-03 08:44:14',5000,169,'N','Y'),(588,43,84,40,'N','2018-12-03 08:44:14',5000,169,'N','Y'),(589,43,84,36,'N','2018-12-03 08:44:15',4000,169,'N','Y'),(590,43,84,36,'N','2018-12-03 08:44:16',4000,169,'N','Y'),(591,43,84,40,'N','2018-12-03 08:44:17',5000,169,'N','Y'),(592,43,84,40,'N','2018-12-03 08:44:17',5000,169,'Y','Y'),(593,43,84,36,'N','2018-12-03 08:44:19',4000,169,'N','Y'),(594,43,84,36,'N','2018-12-03 08:44:19',4000,169,'N','Y'),(595,43,84,36,'N','2018-12-03 08:44:19',4000,169,'N','Y'),(596,43,106,36,'N','2018-12-03 08:44:47',4000,170,'N','Y'),(597,43,106,40,'N','2018-12-03 08:44:48',5000,170,'N','Y'),(598,43,106,36,'N','2018-12-03 08:44:49',4000,170,'N','Y'),(599,43,106,36,'N','2018-12-03 08:44:49',4000,170,'N','Y'),(600,43,106,36,'N','2018-12-03 08:44:49',4000,170,'Y','Y'),(601,43,106,36,'N','2018-12-03 08:44:49',4000,170,'Y','Y'),(602,43,106,40,'N','2018-12-03 08:44:51',5000,170,'N','Y'),(603,43,106,40,'N','2018-12-03 08:44:51',5000,170,'N','Y'),(604,43,106,40,'N','2018-12-03 08:44:51',5000,170,'N','Y'),(605,43,106,40,'N','2018-12-03 08:44:52',5000,170,'N','Y'),(606,43,106,36,'N','2018-12-03 08:44:53',4000,170,'N','Y'),(607,43,84,36,'N','2018-12-03 11:16:54',4000,171,'N','Y'),(608,43,84,36,'N','2018-12-03 11:16:55',4000,171,'N','Y'),(609,43,84,36,'N','2018-12-03 11:16:55',4000,171,'Y','Y'),(610,43,84,36,'N','2018-12-03 11:52:37',4000,172,'N','Y'),(611,43,84,40,'N','2018-12-03 11:53:09',5000,173,'N','Y'),(612,43,84,36,'N','2018-12-03 11:58:18',4000,174,'N','Y'),(613,43,84,36,'N','2018-12-03 12:13:18',4000,174,'N','Y'),(614,43,84,40,'N','2018-12-03 12:13:19',5000,174,'N','Y'),(615,43,84,40,'N','2018-12-03 12:14:06',5000,174,'N','Y'),(616,43,84,40,'N','2018-12-03 12:14:07',5000,174,'N','Y'),(617,43,84,36,'N','2018-12-03 12:14:09',4000,174,'N','Y'),(618,43,84,36,'N','2018-12-03 12:14:09',4000,174,'N','Y'),(619,43,84,36,'N','2018-12-03 12:18:59',4000,174,'N','Y'),(620,43,84,40,'N','2018-12-03 12:18:59',5000,174,'N','Y'),(621,43,84,40,'N','2018-12-03 12:19:00',5000,174,'N','Y'),(622,43,84,40,'N','2018-12-03 12:19:02',5000,174,'N','Y'),(623,43,84,40,'N','2018-12-03 12:19:02',5000,174,'N','Y'),(624,43,84,40,'N','2018-12-03 12:19:02',5000,174,'N','Y'),(625,43,84,40,'N','2018-12-03 12:19:02',5000,174,'N','Y'),(626,43,84,36,'N','2018-12-03 13:52:17',4000,174,'N','Y'),(627,43,84,36,'N','2018-12-03 13:52:19',4000,174,'N','Y'),(628,43,84,36,'N','2018-12-03 13:52:21',4000,174,'Y','Y'),(629,43,84,36,'N','2018-12-03 13:52:21',4000,174,'Y','Y'),(630,43,84,36,'N','2018-12-03 13:52:55',4000,175,'N','Y'),(631,43,84,42,'N','2018-12-03 13:52:56',4000,175,'N','Y'),(632,43,84,43,'N','2018-12-03 13:52:56',4000,175,'N','Y'),(633,43,84,44,'N','2018-12-03 13:52:58',15000,175,'N','Y'),(634,43,84,43,'N','2018-12-03 13:52:59',4000,175,'N','Y'),(635,43,84,43,'N','2018-12-03 13:53:00',4000,175,'N','Y'),(636,43,84,42,'N','2018-12-03 13:53:01',4000,175,'N','Y'),(637,43,84,42,'N','2018-12-03 13:53:02',4000,175,'N','Y'),(638,43,84,42,'N','2018-12-03 13:53:35',4000,175,'N','Y'),(639,43,84,36,'N','2018-12-03 13:55:58',4000,175,'N','Y'),(640,43,84,36,'N','2018-12-03 13:55:58',4000,175,'N','Y'),(641,43,84,36,'N','2018-12-03 13:56:17',4000,175,'N','Y'),(642,43,84,40,'N','2018-12-03 13:56:18',5000,175,'N','Y'),(643,43,84,36,'N','2018-12-03 13:57:46',4000,176,'N','Y'),(644,43,84,40,'N','2018-12-03 13:57:47',5000,176,'N','Y'),(645,43,84,36,'N','2018-12-03 13:57:48',4000,176,'N','Y'),(646,43,84,36,'N','2018-12-03 13:57:48',4000,176,'N','Y'),(647,43,84,36,'N','2018-12-03 13:57:48',4000,176,'N','Y'),(648,43,84,40,'N','2018-12-03 13:58:14',5000,176,'N','Y'),(649,43,84,40,'N','2018-12-03 13:58:14',5000,176,'N','Y'),(650,43,84,40,'N','2018-12-03 13:58:14',5000,176,'N','Y'),(651,43,84,40,'N','2018-12-03 13:58:14',5000,176,'N','Y'),(652,43,84,40,'N','2018-12-03 13:58:15',5000,176,'N','Y'),(653,43,84,40,'N','2018-12-03 13:58:15',5000,176,'N','Y'),(654,43,84,40,'N','2018-12-03 13:58:15',5000,176,'N','Y'),(655,43,84,40,'N','2018-12-03 13:58:15',5000,176,'N','Y'),(656,43,84,40,'N','2018-12-03 13:58:15',5000,176,'N','Y'),(657,43,84,36,'N','2018-12-03 13:58:48',4000,177,'N','Y'),(658,43,84,36,'N','2018-12-03 13:58:51',4000,177,'N','Y'),(659,43,84,36,'N','2018-12-03 13:58:51',4000,177,'N','Y'),(660,43,109,40,'N','2018-12-03 13:59:01',5000,178,'N','Y'),(661,43,109,42,'N','2018-12-03 13:59:02',4000,178,'N','Y'),(662,43,109,42,'N','2018-12-03 13:59:04',4000,178,'N','Y'),(663,43,109,43,'N','2018-12-03 13:59:05',4000,178,'N','Y'),(664,43,109,44,'N','2018-12-03 13:59:07',15000,178,'N','Y'),(665,43,109,44,'N','2018-12-03 13:59:07',15000,178,'N','Y'),(666,43,109,44,'N','2018-12-03 13:59:09',15000,178,'N','Y'),(667,43,109,44,'N','2018-12-03 13:59:10',15000,178,'N','Y'),(668,43,109,44,'N','2018-12-03 13:59:10',15000,178,'N','Y'),(669,43,84,36,'N','2018-12-04 00:32:33',4000,179,'N','Y'),(670,43,84,36,'N','2018-12-04 00:32:35',4000,179,'N','Y'),(671,43,84,36,'N','2018-12-04 00:45:36',4000,180,'N','Y'),(672,43,84,36,'N','2018-12-04 00:45:44',4000,180,'Y','Y'),(673,43,84,36,'N','2018-12-04 00:45:45',4000,180,'Y','Y'),(674,43,84,36,'N','2018-12-04 00:45:47',4000,180,'N','Y'),(675,43,84,36,'N','2018-12-04 00:45:48',4000,180,'N','Y'),(676,43,84,44,'N','2018-12-04 00:45:50',15000,180,'N','Y'),(677,43,84,45,'N','2018-12-04 00:45:53',20000,180,'N','Y'),(678,43,84,45,'N','2018-12-04 00:45:57',20000,180,'N','Y'),(679,43,84,45,'N','2018-12-04 00:46:00',20000,180,'N','Y'),(680,43,84,45,'N','2018-12-04 00:46:09',20000,181,'N','Y'),(681,43,84,44,'N','2018-12-04 00:46:10',15000,181,'N','Y'),(682,43,84,43,'N','2018-12-04 00:46:11',4000,181,'N','Y'),(683,43,84,40,'N','2018-12-04 00:46:13',5000,181,'N','Y'),(684,43,89,45,'N','2018-12-04 00:46:27',20000,182,'N','Y'),(685,43,106,45,'N','2018-12-04 00:46:31',20000,183,'N','Y'),(686,43,84,44,'N','2018-12-04 00:46:36',15000,184,'N','Y'),(687,43,84,44,'N','2018-12-04 00:46:36',15000,184,'N','Y'),(688,43,84,44,'N','2018-12-04 00:46:36',15000,184,'N','Y'),(689,43,84,44,'N','2018-12-04 00:46:36',15000,184,'N','Y'),(690,43,84,44,'N','2018-12-04 00:46:37',15000,184,'N','Y'),(691,43,84,44,'N','2018-12-04 00:46:37',15000,184,'N','Y'),(692,43,84,44,'N','2018-12-04 01:11:23',15000,185,'N','Y'),(693,43,84,42,'N','2018-12-04 01:11:24',4000,185,'N','Y'),(694,43,84,36,'N','2018-12-04 01:11:26',4000,185,'N','Y'),(695,43,84,40,'N','2018-12-04 01:11:27',5000,185,'N','Y'),(696,43,84,45,'N','2018-12-04 01:16:01',20000,185,'N','Y'),(697,43,84,36,'N','2018-12-04 01:16:06',4000,185,'N','Y'),(698,43,84,40,'N','2018-12-04 01:16:08',5000,185,'N','Y'),(699,43,84,42,'N','2018-12-04 01:17:52',4000,185,'N','Y'),(700,43,84,43,'N','2018-12-04 01:17:53',4000,185,'N','Y'),(701,43,84,43,'N','2018-12-04 01:17:55',4000,185,'N','Y'),(702,43,84,43,'N','2018-12-04 01:17:55',4000,185,'N','Y'),(703,43,84,36,'N','2018-12-04 01:17:57',4000,185,'N','Y'),(704,43,84,40,'N','2018-12-04 01:17:57',5000,185,'N','Y'),(705,43,84,45,'N','2018-12-04 01:17:59',20000,185,'N','Y'),(706,43,84,45,'N','2018-12-04 01:17:59',20000,185,'N','Y'),(707,43,89,42,'N','2018-12-04 01:31:19',4000,186,'N','Y'),(708,43,84,36,'N','2018-12-04 01:40:45',4000,185,'N','Y'),(709,43,84,40,'N','2018-12-04 01:40:45',5000,185,'N','Y'),(710,43,84,43,'N','2018-12-04 01:40:47',4000,185,'N','Y'),(711,43,84,45,'N','2018-12-04 01:40:49',20000,185,'N','Y'),(712,43,84,46,'N','2018-12-04 01:41:56',4000,185,'N','Y'),(713,43,84,47,'N','2018-12-04 01:43:02',5000,185,'N','Y'),(714,43,106,36,'N','2018-12-04 01:45:34',4000,187,'N','Y'),(715,43,89,42,'N','2018-12-04 02:27:21',4000,186,'N','Y'),(716,43,89,42,'N','2018-12-04 02:27:21',4000,186,'N','Y'),(717,43,89,42,'N','2018-12-04 02:27:21',4000,186,'N','Y'),(718,43,89,42,'N','2018-12-04 02:27:21',4000,186,'N','Y'),(719,43,89,42,'N','2018-12-04 02:27:21',4000,186,'N','Y'),(720,43,89,42,'N','2018-12-04 02:27:22',4000,186,'N','Y'),(721,43,89,42,'N','2018-12-04 02:27:22',4000,186,'N','Y'),(722,43,89,42,'N','2018-12-04 02:27:22',4000,186,'N','Y'),(723,43,89,42,'N','2018-12-04 02:27:22',4000,186,'N','Y'),(724,43,89,42,'N','2018-12-04 02:27:22',4000,186,'N','Y'),(725,43,84,36,'N','2018-12-04 02:35:32',4000,188,'N','Y'),(726,43,84,40,'N','2018-12-04 02:35:33',5000,188,'N','Y'),(727,43,84,40,'N','2018-12-04 02:35:35',5000,188,'N','Y'),(728,43,84,40,'N','2018-12-04 02:35:35',5000,188,'Y','Y'),(729,43,84,36,'N','2018-12-04 05:12:22',4000,189,'N','Y'),(730,43,84,40,'N','2018-12-04 05:12:23',5000,189,'N','Y'),(731,43,84,36,'N','2018-12-04 05:12:24',4000,189,'N','Y'),(732,43,84,36,'N','2018-12-04 05:12:25',4000,189,'N','Y'),(733,43,84,40,'N','2018-12-04 05:12:26',5000,189,'N','Y'),(734,43,84,47,'N','2018-12-04 05:12:27',5000,189,'N','Y'),(735,43,84,46,'N','2018-12-04 05:12:27',4000,189,'N','Y'),(736,43,84,36,'N','2018-12-04 06:14:36',4000,190,'N','Y'),(737,43,84,40,'N','2018-12-04 15:39:19',5000,191,'N','Y'),(738,43,84,40,'N','2018-12-04 15:39:22',5000,191,'N','Y'),(739,43,84,40,'N','2018-12-04 15:39:22',5000,191,'N','Y'),(740,43,84,40,'N','2018-12-04 15:39:22',5000,191,'N','Y'),(741,43,84,36,'N','2018-12-04 16:03:38',4000,192,'N','Y'),(742,43,84,40,'N','2018-12-04 16:03:38',5000,192,'N','Y'),(743,43,84,46,'N','2018-12-04 16:03:39',4000,192,'N','Y'),(744,43,84,40,'N','2018-12-04 16:03:39',5000,192,'N','Y'),(745,43,84,36,'N','2018-12-04 16:03:41',4000,192,'N','Y'),(746,43,84,36,'N','2018-12-04 16:03:41',4000,192,'N','Y'),(747,43,84,36,'N','2018-12-04 16:03:41',4000,192,'N','Y'),(748,43,84,36,'N','2018-12-04 16:03:41',4000,192,'N','Y'),(749,43,84,36,'N','2018-12-04 16:03:41',4000,192,'N','Y'),(750,43,84,36,'N','2018-12-04 16:03:43',4000,192,'N','Y'),(751,43,84,36,'N','2018-12-04 16:03:45',4000,192,'N','Y'),(752,43,84,36,'N','2018-12-04 16:03:45',4000,192,'N','Y'),(753,43,84,36,'N','2018-12-04 16:03:45',4000,192,'N','Y'),(754,43,84,36,'N','2018-12-04 16:03:46',4000,192,'N','Y'),(755,43,84,36,'N','2018-12-04 16:03:46',4000,192,'N','Y'),(756,43,84,36,'N','2018-12-04 16:03:46',4000,192,'N','Y'),(757,43,84,36,'N','2018-12-04 16:03:46',4000,192,'N','Y'),(758,43,84,36,'N','2018-12-04 16:03:46',4000,192,'N','Y'),(759,43,84,40,'N','2018-12-04 16:03:48',5000,192,'N','Y'),(760,43,84,40,'N','2018-12-04 16:03:48',5000,192,'N','Y'),(761,43,84,40,'N','2018-12-04 16:03:48',5000,192,'N','Y'),(762,43,84,40,'N','2018-12-04 16:03:49',5000,192,'N','Y'),(763,43,84,40,'N','2018-12-04 16:03:49',5000,192,'N','Y'),(764,43,84,40,'N','2018-12-04 16:03:49',5000,192,'N','Y'),(765,43,84,40,'N','2018-12-04 16:03:49',5000,192,'N','Y'),(766,43,84,40,'N','2018-12-04 16:03:49',5000,192,'N','Y'),(767,43,84,40,'N','2018-12-04 16:03:49',5000,192,'N','Y'),(768,43,84,40,'N','2018-12-04 16:03:49',5000,192,'N','Y'),(769,43,84,40,'N','2018-12-04 16:03:50',5000,192,'N','Y'),(770,43,84,40,'N','2018-12-04 16:03:50',5000,192,'N','Y'),(771,43,84,40,'N','2018-12-04 16:03:50',5000,192,'N','Y'),(772,43,84,46,'N','2018-12-04 16:03:51',4000,192,'N','Y'),(773,43,84,46,'N','2018-12-04 16:03:51',4000,192,'N','Y'),(774,43,84,46,'N','2018-12-04 16:03:51',4000,192,'N','Y'),(775,43,84,46,'N','2018-12-04 16:03:51',4000,192,'N','Y'),(776,43,84,46,'N','2018-12-04 16:03:52',4000,192,'N','Y'),(777,43,84,46,'N','2018-12-04 16:03:52',4000,192,'N','Y'),(778,43,84,46,'N','2018-12-04 16:03:52',4000,192,'N','Y'),(779,43,84,46,'N','2018-12-04 16:03:52',4000,192,'N','Y'),(780,43,84,46,'N','2018-12-04 16:03:53',4000,192,'N','Y'),(781,43,84,46,'N','2018-12-04 16:03:53',4000,192,'N','Y'),(782,43,84,46,'N','2018-12-04 16:03:54',4000,192,'N','Y'),(783,43,84,46,'N','2018-12-04 16:03:55',4000,192,'N','Y'),(784,43,84,46,'N','2018-12-04 16:03:55',4000,192,'N','Y'),(785,43,84,46,'N','2018-12-04 16:03:55',4000,192,'N','Y'),(786,43,84,36,'N','2018-12-04 16:04:10',4000,192,'N','Y'),(787,43,84,36,'N','2018-12-04 16:04:10',4000,192,'N','Y'),(788,43,84,36,'N','2018-12-04 16:04:10',4000,192,'N','Y'),(789,43,84,36,'N','2018-12-04 16:04:11',4000,192,'N','Y'),(790,43,84,36,'N','2018-12-04 16:04:15',4000,193,'N','Y'),(791,43,84,36,'N','2018-12-04 16:04:15',4000,193,'N','Y'),(792,43,84,36,'N','2018-12-04 16:04:15',4000,193,'N','Y'),(793,43,84,40,'N','2018-12-04 16:04:16',5000,193,'N','Y'),(794,43,84,46,'N','2018-12-04 16:04:18',4000,193,'N','Y'),(795,43,84,46,'N','2018-12-04 16:04:18',4000,193,'N','Y'),(796,43,84,46,'N','2018-12-04 16:04:18',4000,193,'N','Y'),(797,43,84,46,'N','2018-12-04 16:04:18',4000,193,'N','Y'),(798,43,84,40,'N','2018-12-04 16:04:21',5000,193,'N','Y'),(799,43,84,40,'N','2018-12-04 16:04:21',5000,193,'N','Y'),(800,43,84,40,'N','2018-12-04 16:04:21',5000,193,'N','Y'),(801,43,84,40,'N','2018-12-04 16:04:21',5000,193,'N','Y'),(802,43,84,40,'N','2018-12-04 16:04:21',5000,193,'N','Y'),(803,43,84,40,'N','2018-12-04 16:04:22',5000,193,'N','Y'),(804,43,84,36,'N','2018-12-04 16:04:23',4000,193,'N','Y'),(805,43,84,36,'N','2018-12-04 16:04:23',4000,193,'N','Y'),(806,43,84,36,'N','2018-12-04 16:04:23',4000,193,'N','Y'),(807,43,84,36,'N','2018-12-04 16:04:24',4000,193,'N','Y'),(808,43,84,36,'N','2018-12-04 16:04:24',4000,193,'N','Y'),(809,43,84,36,'N','2018-12-04 16:04:24',4000,193,'N','Y'),(810,43,84,36,'N','2018-12-04 16:04:24',4000,193,'N','Y'),(811,43,84,36,'N','2018-12-04 16:04:24',4000,193,'N','Y'),(812,43,84,36,'N','2018-12-04 16:04:24',4000,193,'N','Y'),(813,43,84,36,'N','2018-12-04 16:04:25',4000,193,'N','Y'),(814,43,84,36,'N','2018-12-04 16:04:25',4000,193,'N','Y'),(815,43,84,40,'N','2018-12-04 16:04:26',5000,193,'N','Y'),(816,43,84,40,'N','2018-12-04 16:04:26',5000,193,'N','Y'),(817,43,84,40,'N','2018-12-04 16:04:26',5000,193,'N','Y'),(818,43,84,40,'N','2018-12-04 16:04:26',5000,193,'N','Y'),(819,43,84,40,'N','2018-12-04 16:04:26',5000,193,'N','Y'),(820,43,84,40,'N','2018-12-04 16:04:26',5000,193,'N','Y'),(821,43,84,46,'N','2018-12-04 16:04:27',4000,193,'N','Y'),(822,43,84,46,'N','2018-12-04 16:04:27',4000,193,'N','Y'),(823,43,84,46,'N','2018-12-04 16:04:27',4000,193,'N','Y'),(824,43,84,46,'N','2018-12-04 16:04:28',4000,193,'N','Y'),(825,43,84,46,'N','2018-12-04 16:04:28',4000,193,'N','Y'),(826,43,84,46,'N','2018-12-04 16:04:28',4000,193,'N','Y'),(827,43,84,46,'N','2018-12-04 16:04:28',4000,193,'N','Y'),(828,43,84,46,'N','2018-12-04 16:04:28',4000,193,'N','Y'),(829,43,84,46,'N','2018-12-04 16:04:28',4000,193,'N','Y'),(830,43,84,46,'N','2018-12-04 16:04:28',4000,193,'N','Y'),(831,43,84,46,'N','2018-12-04 16:04:29',4000,193,'N','Y'),(832,43,109,40,'N','2018-12-04 16:04:34',5000,194,'N','Y'),(833,43,109,46,'N','2018-12-04 16:04:34',4000,194,'N','Y'),(834,43,109,46,'N','2018-12-04 16:04:36',4000,194,'N','Y'),(835,43,109,46,'N','2018-12-04 16:04:36',4000,194,'N','Y'),(836,43,109,46,'N','2018-12-04 16:04:36',4000,194,'N','Y'),(837,43,109,46,'N','2018-12-04 16:04:36',4000,194,'N','Y'),(838,43,109,46,'N','2018-12-04 16:04:36',4000,194,'N','Y'),(839,43,109,40,'N','2018-12-04 16:04:37',5000,194,'N','Y'),(840,43,109,40,'N','2018-12-04 16:04:37',5000,194,'N','Y'),(841,43,109,40,'N','2018-12-04 16:04:38',5000,194,'N','Y'),(842,43,109,40,'N','2018-12-04 16:04:38',5000,194,'N','Y'),(843,43,109,40,'N','2018-12-04 16:04:38',5000,194,'N','Y'),(844,43,109,40,'N','2018-12-04 16:04:38',5000,194,'N','Y'),(845,43,109,40,'N','2018-12-04 16:04:38',5000,194,'N','Y'),(846,43,109,40,'N','2018-12-04 16:04:38',5000,194,'N','Y'),(847,43,109,40,'N','2018-12-04 16:04:38',5000,194,'N','Y'),(848,43,109,40,'N','2018-12-04 16:04:39',5000,194,'N','Y'),(849,43,109,46,'N','2018-12-04 16:04:40',4000,194,'N','Y'),(850,43,109,46,'N','2018-12-04 16:04:40',4000,194,'N','Y'),(851,43,109,46,'N','2018-12-04 16:04:40',4000,194,'N','Y'),(852,43,109,46,'N','2018-12-04 16:04:40',4000,194,'N','Y'),(853,43,109,46,'N','2018-12-04 16:04:40',4000,194,'N','Y'),(854,43,109,46,'N','2018-12-04 16:04:40',4000,194,'N','Y'),(855,43,109,46,'N','2018-12-04 16:04:40',4000,194,'N','Y'),(856,43,109,46,'N','2018-12-04 16:04:41',4000,194,'N','Y'),(857,43,109,46,'N','2018-12-04 16:04:41',4000,194,'N','Y'),(858,47,110,48,'N','2018-12-04 16:05:51',50000,195,'N','Y'),(859,47,110,49,'N','2018-12-04 16:05:52',5000,195,'N','Y'),(860,47,110,49,'N','2018-12-04 16:05:52',5000,195,'N','Y'),(861,47,110,49,'N','2018-12-04 16:05:52',5000,195,'N','Y'),(862,47,110,49,'N','2018-12-04 16:05:53',5000,195,'N','Y'),(863,47,110,49,'N','2018-12-04 16:05:53',5000,195,'N','Y'),(864,47,110,48,'N','2018-12-04 16:05:53',50000,195,'N','Y'),(865,47,110,48,'N','2018-12-04 16:05:53',50000,195,'N','Y'),(866,47,110,48,'N','2018-12-04 16:05:53',50000,195,'N','Y'),(867,47,110,48,'N','2018-12-04 16:05:54',50000,195,'N','Y'),(868,47,110,48,'N','2018-12-04 16:05:54',50000,195,'N','Y'),(869,47,110,48,'N','2018-12-04 16:05:54',50000,195,'N','Y'),(870,47,110,48,'N','2018-12-04 16:05:55',50000,195,'N','Y'),(871,47,110,48,'N','2018-12-04 16:05:55',50000,195,'N','Y'),(872,47,110,49,'N','2018-12-04 16:05:55',5000,195,'N','Y'),(873,47,110,49,'N','2018-12-04 16:05:56',5000,195,'N','Y'),(874,43,84,36,'N','2018-12-04 16:46:28',4000,196,'N','Y'),(875,43,84,36,'N','2018-12-05 13:48:56',4000,196,'N','Y'),(876,43,84,36,'N','2018-12-05 13:48:56',4000,196,'Y','Y'),(877,43,84,36,'N','2018-12-05 13:49:40',4000,197,'N','Y'),(878,43,84,36,'N','2018-12-05 13:49:52',4000,197,'N','Y'),(879,43,84,36,'N','2018-12-05 13:49:52',4000,197,'N','Y'),(880,43,84,43,'N','2018-12-05 13:49:54',4000,197,'N','Y'),(881,43,84,43,'N','2018-12-05 13:49:55',4000,197,'N','Y'),(882,43,84,47,'N','2018-12-05 13:49:57',5000,197,'N','Y'),(883,43,84,46,'N','2018-12-05 13:49:59',4000,197,'N','Y'),(884,43,84,46,'N','2018-12-05 13:50:01',4000,197,'N','Y'),(885,43,84,46,'N','2018-12-05 13:50:01',4000,197,'N','Y'),(886,43,84,47,'N','2018-12-05 13:50:02',5000,197,'N','Y'),(887,43,84,47,'N','2018-12-05 13:50:03',5000,197,'N','Y'),(888,43,84,47,'N','2018-12-05 13:50:03',5000,197,'N','Y'),(889,43,118,45,'N','2018-12-05 14:42:44',20000,198,'Y','N'),(890,43,118,66,'N','2018-12-05 14:42:45',13000,198,'Y','N'),(891,43,118,66,'N','2018-12-05 14:42:47',13000,198,'Y','N'),(892,43,118,66,'N','2018-12-05 14:42:49',13000,198,'Y','N'),(893,43,84,44,'N','2018-12-05 14:43:25',15000,199,'N','Y'),(894,43,84,62,'N','2018-12-05 14:43:27',15000,199,'N','Y'),(895,43,84,42,'N','2018-12-05 14:43:34',4000,199,'N','Y'),(896,43,84,42,'N','2018-12-05 14:43:36',4000,199,'N','Y'),(897,43,84,42,'N','2018-12-05 14:43:36',4000,199,'N','Y'),(898,43,84,42,'N','2018-12-05 14:43:36',4000,199,'N','Y'),(899,43,84,42,'N','2018-12-05 14:43:37',4000,199,'Y','Y'),(900,43,84,42,'N','2018-12-05 14:43:37',4000,199,'Y','Y'),(901,43,84,42,'N','2018-12-05 14:43:37',4000,199,'Y','Y'),(902,43,84,42,'N','2018-12-05 14:43:37',4000,199,'Y','Y'),(903,43,84,42,'N','2018-12-05 14:43:37',4000,199,'Y','Y'),(904,43,84,42,'N','2018-12-05 14:43:38',4000,199,'Y','Y'),(905,43,89,45,'N','2018-12-05 14:43:45',20000,200,'N','Y'),(906,43,89,66,'N','2018-12-05 14:43:47',13000,200,'N','Y'),(907,43,89,67,'N','2018-12-05 14:43:48',13000,200,'N','Y'),(908,43,89,68,'N','2018-12-05 14:43:52',20000,200,'N','Y'),(909,43,121,42,'N','2018-12-05 14:44:04',4000,201,'N','Y'),(910,43,121,71,'N','2018-12-05 14:44:08',13000,201,'N','Y'),(911,43,106,63,'N','2018-12-05 14:45:54',16000,202,'N','Y'),(912,43,106,58,'N','2018-12-05 14:45:56',5000,202,'N','Y'),(913,43,106,58,'N','2018-12-05 14:45:58',5000,202,'N','Y'),(914,43,106,58,'N','2018-12-05 14:45:58',5000,202,'N','Y'),(915,43,106,58,'N','2018-12-05 14:45:58',5000,202,'N','Y'),(916,43,106,58,'N','2018-12-05 14:45:58',5000,202,'N','Y'),(917,43,116,71,'N','2018-12-05 14:46:05',13000,203,'N','Y'),(918,43,116,72,'N','2018-12-05 14:46:05',10000,203,'N','Y'),(919,43,116,74,'N','2018-12-05 14:46:08',8000,203,'N','Y'),(920,43,116,75,'N','2018-12-05 14:46:09',8000,203,'N','Y'),(921,43,118,71,'N','2018-12-05 14:46:14',13000,204,'N','Y'),(922,43,118,71,'N','2018-12-05 14:46:15',13000,204,'N','Y'),(923,43,108,44,'N','2018-12-06 12:58:33',15000,205,'Y','N'),(924,43,108,44,'N','2018-12-06 12:58:40',15000,206,'Y','N'),(925,43,108,36,'N','2018-12-06 12:58:42',4000,206,'Y','N'),(926,43,108,74,'N','2018-12-06 12:59:22',8000,207,'N','Y'),(927,43,108,76,'N','2018-12-06 12:59:22',8000,207,'N','Y'),(928,43,108,76,'N','2018-12-06 12:59:23',8000,207,'N','Y'),(929,43,108,76,'N','2018-12-06 12:59:27',8000,207,'N','Y'),(930,43,108,76,'N','2018-12-06 12:59:27',8000,207,'N','Y'),(931,43,108,76,'N','2018-12-06 12:59:27',8000,207,'N','Y'),(932,43,108,76,'N','2018-12-06 12:59:27',8000,207,'N','Y'),(933,43,108,76,'N','2018-12-06 12:59:27',8000,207,'N','Y'),(934,43,108,74,'N','2018-12-06 12:59:31',8000,207,'N','Y'),(935,43,108,74,'N','2018-12-06 12:59:31',8000,207,'N','Y'),(936,43,108,74,'N','2018-12-06 12:59:32',8000,207,'N','Y'),(937,43,108,74,'N','2018-12-06 12:59:32',8000,207,'N','Y'),(938,43,108,74,'N','2018-12-06 12:59:32',8000,207,'N','Y'),(939,43,108,74,'N','2018-12-06 12:59:32',8000,207,'N','Y'),(940,43,108,74,'N','2018-12-06 12:59:33',8000,207,'N','Y'),(941,43,108,74,'N','2018-12-06 12:59:33',8000,207,'N','Y'),(942,43,108,74,'N','2018-12-06 12:59:33',8000,207,'N','Y'),(943,43,89,42,'N','2018-12-06 15:19:07',4000,208,'Y','N'),(944,43,89,42,'N','2018-12-06 15:19:08',4000,208,'Y','N'),(945,43,89,42,'N','2018-12-06 15:19:09',4000,208,'Y','N'),(946,43,89,45,'N','2018-12-06 15:19:21',20000,209,'N','Y'),(947,43,115,36,'N','2018-12-06 15:29:39',4000,210,'Y','N'),(948,43,114,36,'N','2018-12-06 15:32:58',4000,211,'Y','N'),(949,43,114,36,'N','2018-12-06 15:32:59',4000,211,'Y','N'),(950,43,89,42,'N','2018-12-06 15:37:53',4000,212,'Y','N'),(951,43,89,42,'N','2018-12-06 15:38:48',4000,213,'Y','N'),(952,43,89,42,'N','2018-12-06 15:40:55',4000,214,'Y','N'),(953,50,122,80,'N','2018-12-06 16:32:24',3000,215,'Y','N'),(954,50,122,80,'N','2018-12-06 16:32:42',3000,215,'Y','N'),(955,50,122,80,'N','2018-12-06 16:32:43',3000,215,'Y','N'),(956,50,122,80,'N','2018-12-06 16:32:48',3000,216,'N','Y'),(957,50,122,80,'N','2018-12-06 16:32:49',3000,216,'N','Y'),(958,50,122,80,'N','2018-12-06 16:32:50',3000,216,'N','Y'),(959,43,89,36,'N','2018-12-06 16:34:06',4000,217,'N','Y'),(960,43,89,36,'N','2018-12-06 16:34:08',4000,217,'N','Y'),(961,43,89,44,'N','2018-12-06 16:34:32',15000,217,'N','Y'),(962,43,89,62,'N','2018-12-06 16:34:32',15000,217,'Y','Y'),(963,43,120,42,'N','2018-12-06 16:36:14',4000,218,'N','Y'),(964,43,120,43,'N','2018-12-06 16:36:14',4000,218,'N','Y'),(965,43,120,58,'N','2018-12-06 16:36:15',5000,218,'N','Y'),(966,43,84,42,'N','2018-12-10 22:30:50',4000,199,'Y','Y'),(967,43,84,42,'N','2018-12-10 22:30:50',4000,199,'Y','Y'),(968,43,84,42,'N','2018-12-10 22:30:54',4000,199,'N','Y'),(969,43,84,42,'N','2018-12-10 22:30:55',4000,199,'N','Y'),(970,43,106,63,'N','2018-12-10 22:31:00',16000,202,'N','Y'),(971,43,106,63,'N','2018-12-10 22:31:01',16000,202,'N','Y'),(972,43,84,40,'N','2018-12-11 21:31:58',5000,199,'N','Y'),(973,43,84,42,'N','2018-12-11 21:32:04',4000,199,'Y','Y'),(974,43,108,36,'N','2018-12-14 01:24:59',4000,219,'N','Y'),(975,43,108,40,'N','2018-12-14 01:25:00',5000,219,'N','Y'),(976,43,108,36,'N','2018-12-14 01:25:02',4000,219,'N','Y'),(977,43,108,36,'N','2018-12-14 01:25:02',4000,219,'N','Y'),(978,43,89,36,'N','2018-12-14 09:51:27',4000,217,'Y','Y'),(979,43,89,44,'N','2018-12-14 09:52:24',15000,220,'Y','Y'),(980,43,89,64,'N','2018-12-14 09:52:26',20000,220,'N','Y'),(981,43,89,71,'N','2018-12-14 09:52:32',13000,220,'N','Y'),(982,43,89,44,'N','2018-12-14 09:52:41',15000,220,'Y','Y'),(983,43,89,64,'N','2018-12-14 09:52:46',20000,220,'N','Y'),(984,43,84,44,'N','2018-12-16 10:46:02',15000,199,'Y','Y'),(985,43,89,40,'N','2018-12-16 10:51:32',5000,221,'N','Y'),(986,43,89,40,'N','2018-12-16 10:51:32',5000,221,'N','Y'),(987,43,89,40,'N','2018-12-16 10:51:32',5000,221,'N','Y'),(988,43,89,40,'N','2018-12-16 10:51:32',5000,221,'N','Y'),(989,43,89,36,'N','2018-12-16 10:51:32',4000,221,'N','Y'),(990,43,89,54,'N','2018-12-16 10:51:33',5000,221,'N','Y'),(991,43,89,55,'N','2018-12-16 10:51:34',2000,221,'N','Y'),(992,43,89,55,'N','2018-12-16 10:51:34',2000,221,'N','Y'),(993,43,84,36,'N','2018-12-19 22:34:01',4000,222,'N','Y'),(994,43,84,36,'N','2018-12-19 22:34:01',4000,222,'N','Y'),(995,43,84,40,'N','2018-12-19 22:34:02',5000,222,'Y','Y'),(996,43,84,40,'N','2018-12-19 22:34:03',5000,222,'Y','Y'),(997,43,84,40,'N','2018-12-19 22:34:04',5000,222,'Y','Y'),(998,43,89,36,'N','2018-12-30 18:03:02',4000,223,'N','Y'),(999,43,89,36,'N','2018-12-30 18:03:05',4000,223,'N','Y'),(1000,43,84,36,'N','2019-02-02 23:59:52',4000,224,'N','Y'),(1001,43,89,43,'N','2019-02-03 00:00:00',4000,225,'N','Y'),(1002,43,84,67,'N','2019-02-03 00:00:15',13000,226,'N','Y'),(1003,43,84,72,'N','2019-02-03 00:00:20',10000,227,'N','Y'),(1004,43,84,71,'N','2019-02-03 00:00:21',13000,227,'N','Y'),(1005,43,84,72,'N','2019-02-03 00:00:21',10000,227,'N','Y'),(1006,43,84,72,'N','2019-02-03 00:00:23',10000,227,'N','Y'),(1007,43,84,72,'N','2019-02-03 00:00:23',10000,227,'N','Y'),(1008,43,84,72,'N','2019-02-03 00:00:23',10000,227,'N','Y'),(1009,43,84,71,'N','2019-02-03 00:00:24',13000,227,'N','Y'),(1010,43,84,71,'N','2019-02-03 00:00:24',13000,227,'N','Y'),(1011,43,84,71,'N','2019-02-03 00:00:24',13000,227,'N','Y'),(1012,43,84,71,'N','2019-02-03 00:00:24',13000,227,'N','Y'),(1013,43,84,70,'N','2019-02-03 00:04:18',7000,228,'N','Y'),(1014,43,84,71,'N','2019-02-03 00:04:18',13000,228,'N','Y'),(1015,43,84,36,'N','2019-03-07 22:20:19',4000,229,'N','Y'),(1016,43,84,40,'N','2019-03-07 22:20:20',5000,229,'N','Y'),(1017,43,84,36,'N','2019-03-07 22:20:22',4000,229,'N','Y'),(1018,43,84,36,'N','2019-03-07 22:20:22',4000,229,'N','Y'),(1019,43,115,44,'N','2019-03-07 22:20:37',15000,230,'N','Y'),(1020,43,115,64,'N','2019-03-07 22:20:39',20000,230,'N','Y'),(1021,43,115,63,'N','2019-03-07 22:20:42',16000,230,'N','Y'),(1022,43,115,44,'N','2019-03-07 22:20:46',15000,230,'N','Y'),(1023,43,115,44,'N','2019-03-07 22:20:46',15000,230,'N','Y'),(1024,43,115,44,'N','2019-03-07 22:20:47',15000,230,'N','Y'),(1025,43,115,64,'N','2019-03-07 22:20:48',20000,230,'N','Y'),(1026,43,115,64,'N','2019-03-07 22:20:48',20000,230,'N','Y'),(1027,43,115,64,'N','2019-03-07 22:20:48',20000,230,'N','Y'),(1028,43,89,36,'N','2019-03-07 22:37:40',4000,231,'N','Y'),(1029,43,89,40,'N','2019-03-07 22:37:40',5000,231,'N','Y'),(1030,43,89,40,'N','2019-03-07 22:37:40',5000,231,'N','Y'),(1031,43,89,40,'N','2019-03-07 22:37:41',5000,231,'N','Y'),(1032,43,89,40,'N','2019-03-07 22:37:41',5000,231,'N','Y'),(1033,43,89,40,'N','2019-03-07 22:37:43',5000,231,'N','Y'),(1034,43,89,40,'N','2019-03-07 22:37:43',5000,231,'N','Y'),(1035,43,89,40,'N','2019-03-07 22:37:43',5000,231,'Y','Y'),(1036,43,89,40,'N','2019-03-07 22:37:43',5000,231,'Y','Y'),(1037,43,89,36,'N','2019-03-07 22:37:45',4000,231,'N','Y'),(1038,43,89,36,'N','2019-03-07 22:37:45',4000,231,'N','Y'),(1039,43,89,36,'N','2019-03-07 22:37:46',4000,231,'N','Y'),(1040,43,89,36,'N','2019-03-07 22:37:46',4000,231,'N','Y'),(1041,43,89,36,'N','2019-03-07 22:37:46',4000,231,'N','Y'),(1042,43,89,36,'N','2019-03-07 22:37:47',4000,231,'N','Y'),(1043,43,84,42,'N','2019-03-08 20:28:02',4000,232,'N','Y'),(1044,43,84,43,'N','2019-03-08 20:28:03',4000,232,'N','Y'),(1045,43,84,42,'N','2019-03-08 20:28:05',4000,232,'N','Y'),(1046,43,84,42,'N','2019-03-08 20:28:06',4000,232,'N','Y'),(1047,43,84,36,'N','2019-03-12 01:22:26',4000,233,'N','Y'),(1048,43,84,40,'N','2019-03-12 01:22:48',5000,233,'N','Y'),(1049,43,84,40,'N','2019-03-12 01:22:50',5000,233,'N','Y'),(1050,43,84,40,'N','2019-03-12 01:22:51',5000,233,'N','Y'),(1051,43,84,36,'N','2019-03-12 01:25:22',4000,234,'Y','N'),(1052,43,84,42,'N','2019-03-13 21:28:39',4000,235,'N','N'),(1053,43,89,42,'N','2019-03-15 12:37:31',4000,236,'N','N'),(1054,43,89,43,'N','2019-03-15 12:37:31',4000,236,'N','N'),(1055,43,89,42,'N','2019-03-15 12:37:33',4000,236,'N','N'),(1056,43,84,70,'N','2019-03-18 22:53:32',7000,235,'N','N'),(1057,43,84,71,'N','2019-03-18 22:53:33',13000,235,'N','N'),(1058,43,84,72,'N','2019-03-18 22:53:33',10000,235,'N','N'),(1059,43,84,73,'N','2019-03-18 22:53:34',8000,235,'N','N'),(1060,53,129,82,'N','2020-05-15 13:28:35',1000,237,'N','Y'),(1061,53,129,83,'N','2020-05-15 13:28:37',5000,237,'N','Y'),(1062,53,129,82,'N','2020-05-15 13:28:38',1000,237,'N','Y'),(1063,53,129,82,'N','2020-05-15 13:28:38',1000,237,'N','Y'),(1064,53,129,83,'N','2020-05-15 13:28:40',5000,237,'Y','Y'),(1065,53,129,83,'N','2020-05-15 13:28:41',5000,237,'Y','Y'),(1066,53,129,82,'N','2020-05-15 13:29:18',1000,238,'N','Y'),(1067,53,129,83,'N','2020-05-15 13:29:18',5000,238,'N','Y'),(1068,53,129,82,'N','2020-05-15 13:29:18',1000,238,'N','Y'),(1069,53,129,83,'N','2020-05-15 13:29:20',5000,238,'N','Y'),(1070,53,129,83,'N','2020-05-15 13:29:20',5000,238,'N','Y'),(1071,53,129,82,'N','2020-05-15 13:29:20',1000,238,'N','Y'),(1072,53,129,82,'N','2020-05-15 13:29:20',1000,238,'N','Y'),(1073,53,129,83,'N','2020-05-15 13:29:21',5000,238,'N','Y'),(1074,53,129,83,'N','2020-05-15 13:29:21',5000,238,'N','Y'),(1075,53,129,82,'N','2020-05-15 13:29:21',1000,238,'N','Y'),(1076,53,129,83,'N','2020-05-15 13:29:22',5000,238,'N','Y'),(1077,53,129,83,'N','2020-05-15 13:29:22',5000,238,'N','Y'),(1078,53,129,83,'N','2020-05-15 13:29:22',5000,238,'N','Y'),(1079,53,129,83,'N','2020-05-15 13:29:24',5000,238,'N','Y'),(1080,53,129,83,'N','2020-05-15 13:29:24',5000,238,'N','Y'),(1081,53,129,82,'N','2020-05-15 13:29:25',1000,238,'N','Y'),(1082,53,129,82,'N','2020-05-15 13:29:25',1000,238,'N','Y'),(1083,53,129,82,'N','2020-05-15 13:29:27',1000,238,'Y','Y'),(1084,53,129,82,'N','2020-05-15 13:29:27',1000,238,'Y','Y'),(1085,53,130,83,'N','2020-05-15 13:30:14',5000,239,'N','N'),(1086,53,130,82,'N','2020-05-15 13:30:15',1000,239,'N','N'),(1087,53,130,82,'N','2020-05-15 13:30:16',1000,239,'N','N'),(1088,53,130,82,'N','2020-05-15 13:30:17',1000,239,'N','N'),(1089,53,130,83,'N','2020-05-15 13:30:21',5000,239,'N','N'),(1090,53,130,83,'N','2020-05-15 13:30:21',5000,239,'N','N'),(1091,53,130,83,'N','2020-05-15 13:30:21',5000,239,'N','N'),(1092,53,130,83,'N','2020-05-15 13:30:22',5000,239,'N','N'),(1093,53,130,83,'N','2020-05-15 13:30:22',5000,239,'N','N'),(1094,53,130,83,'N','2020-05-15 13:30:22',5000,239,'N','N'),(1095,54,131,84,'N','2020-05-20 21:32:13',5000,240,'N','Y'),(1096,54,131,85,'N','2020-05-20 21:32:14',7000,240,'N','Y'),(1097,54,131,84,'N','2020-05-20 21:32:16',5000,240,'N','Y'),(1098,54,131,84,'N','2020-05-20 21:32:17',5000,240,'N','Y'),(1099,54,131,85,'N','2020-05-20 21:32:18',7000,240,'N','Y'),(1100,54,131,85,'N','2020-05-20 21:32:18',7000,240,'N','Y'),(1101,54,131,85,'N','2020-05-20 21:32:19',7000,240,'N','Y'),(1102,54,131,84,'N','2020-05-20 21:32:23',5000,240,'N','Y'),(1103,54,131,84,'N','2020-05-20 21:32:23',5000,240,'N','Y'),(1104,54,131,84,'N','2020-05-20 21:32:24',5000,240,'N','Y'),(1105,54,131,85,'N','2020-05-20 21:32:25',7000,240,'N','Y'),(1106,54,131,85,'N','2020-05-20 21:32:25',7000,240,'N','Y'),(1107,54,131,85,'N','2020-05-20 21:33:23',7000,240,'N','Y'),(1108,54,131,85,'N','2020-05-20 21:33:24',7000,240,'N','Y'),(1109,54,131,85,'N','2020-05-20 21:33:25',7000,240,'N','Y'),(1110,54,131,84,'N','2020-05-20 21:33:29',5000,240,'N','Y'),(1111,54,131,84,'N','2020-05-20 21:33:31',5000,240,'N','Y'),(1112,54,131,84,'N','2020-05-20 21:34:22',5000,241,'N','N'),(1113,54,131,85,'N','2020-05-20 21:34:23',7000,241,'N','N'),(1114,54,131,84,'N','2020-05-20 21:34:23',5000,241,'N','N'),(1115,54,131,84,'N','2020-05-20 21:34:24',5000,241,'N','N'),(1116,54,131,85,'N','2020-05-20 21:34:24',7000,241,'N','N'),(1117,54,131,85,'N','2020-05-20 21:34:24',7000,241,'N','N'),(1118,54,131,84,'N','2020-05-20 21:34:25',5000,241,'N','N');
/*!40000 ALTER TABLE `STORE_ORDER` ENABLE KEYS */;
UNLOCK TABLES;

--
-- Table structure for table `STORE_RESERVATION`
--

DROP TABLE IF EXISTS `STORE_RESERVATION`;
/*!40101 SET @saved_cs_client     = @@character_set_client */;
/*!40101 SET character_set_client = utf8 */;
CREATE TABLE `STORE_RESERVATION` (
  `RESERV_SEQ` int(11) NOT NULL AUTO_INCREMENT,
  `STORE_SEQ` int(11) NOT NULL,
  `TABLE_SEQ` int(11) NOT NULL,
  `USER_ID` varchar(20) NOT NULL,
  `RESERV_TIME` datetime NOT NULL DEFAULT CURRENT_TIMESTAMP,
  `RESERV_PEOPLE` int(11) NOT NULL,
  `DELFLAG` char(2) NOT NULL DEFAULT 'N',
  PRIMARY KEY (`RESERV_SEQ`),
  KEY `STORE_RESERVATION_STORE_SEQ_FK` (`STORE_SEQ`),
  KEY `STORE_RESERVATION_TABLE_SEQ_FK` (`TABLE_SEQ`),
  KEY `STORE_RESERVATION_USER_ID_FK` (`USER_ID`),
  CONSTRAINT `STORE_RESERVATION_STORE_SEQ_FK` FOREIGN KEY (`STORE_SEQ`) REFERENCES `STORE_TABLE` (`STORE_SEQ`),
  CONSTRAINT `STORE_RESERVATION_TABLE_SEQ_FK` FOREIGN KEY (`TABLE_SEQ`) REFERENCES `STORE_TABLE` (`TABLE_SEQ`),
  CONSTRAINT `STORE_RESERVATION_USER_ID_FK` FOREIGN KEY (`USER_ID`) REFERENCES `STORE_ACCOUNT` (`USER_ID`)
) ENGINE=InnoDB AUTO_INCREMENT=10 DEFAULT CHARSET=utf8;
/*!40101 SET character_set_client = @saved_cs_client */;

--
-- Dumping data for table `STORE_RESERVATION`
--

LOCK TABLES `STORE_RESERVATION` WRITE;
/*!40000 ALTER TABLE `STORE_RESERVATION` DISABLE KEYS */;
INSERT INTO `STORE_RESERVATION` VALUES (2,1,1,'hansol','2018-11-12 14:06:27',20,'Y'),(3,1,1,'hansol','2018-11-12 14:08:03',40,'Y'),(4,1,1,'hansol','2018-11-12 14:09:03',10,'N'),(5,1,1,'hansol','2018-11-12 14:09:42',10,'N'),(6,1,1,'hansol','2018-11-12 14:18:22',10,'N'),(7,1,1,'hansol','2100-11-12 14:41:34',7,'N'),(8,1,3,'hansol','2020-11-12 14:09:03',100,'N'),(9,1,1,'hansol','2099-11-12 14:08:03',999,'N');
/*!40000 ALTER TABLE `STORE_RESERVATION` ENABLE KEYS */;
UNLOCK TABLES;

--
-- Table structure for table `STORE_TABLE`
--

DROP TABLE IF EXISTS `STORE_TABLE`;
/*!40101 SET @saved_cs_client     = @@character_set_client */;
/*!40101 SET character_set_client = utf8 */;
CREATE TABLE `STORE_TABLE` (
  `TABLE_SEQ` int(11) NOT NULL AUTO_INCREMENT,
  `STORE_SEQ` int(11) NOT NULL,
  `TABLE_NAME` varchar(20) NOT NULL,
  `RESERVATION` char(2) NOT NULL DEFAULT 'D',
  `MIN_PEOPLE` int(11) NOT NULL DEFAULT '1',
  `MAX_PEOPLE` int(11) NOT NULL,
  `DELFLAG` char(2) NOT NULL DEFAULT 'N',
  PRIMARY KEY (`TABLE_SEQ`),
  KEY `STORE_TABLE_STORE_SEQ_FK` (`STORE_SEQ`),
  CONSTRAINT `STORE_TABLE_STORE_SEQ_FK` FOREIGN KEY (`STORE_SEQ`) REFERENCES `SERVICE_STORE` (`STORE_SEQ`)
) ENGINE=InnoDB AUTO_INCREMENT=133 DEFAULT CHARSET=utf8;
/*!40101 SET character_set_client = @saved_cs_client */;

--
-- Dumping data for table `STORE_TABLE`
--

LOCK TABLES `STORE_TABLE` WRITE;
/*!40000 ALTER TABLE `STORE_TABLE` DISABLE KEYS */;
INSERT INTO `STORE_TABLE` VALUES (1,1,'이름은 이것으로 하지 ㅋ','N',22,23,'Y'),(2,1,'테이블임 ㅋ','Y',2,8,'Y'),(3,1,'3번','Y',2,8,'Y'),(4,2,'5번테이블로','Y',5,10,'Y'),(6,3,'4번','N',20,70,'Y'),(7,1,'1번','N',2,5,'Y'),(9,1,'1번테이블','Y',4,10,'Y'),(10,1,'1번테이블','Y',4,10,'Y'),(11,1,'hansol','Y',10,20,'Y'),(12,1,'hansol','Y',10,20,'Y'),(13,1,'hansol','Y',10,20,'Y'),(14,1,'hansol','Y',10,20,'Y'),(15,1,'hansol','Y',10,20,'Y'),(16,1,'비싼테이블','Y',100,300,'Y'),(17,12,'N','D',1,8,'Y'),(18,1,'1번테이블','Y',4,10,'Y'),(19,1,'hansol','Y',10,20,'Y'),(20,1,'hansol','Y',10,20,'Y'),(21,1,'hansol','Y',10,20,'Y'),(22,1,'hansol','Y',10,20,'Y'),(23,1,'hansol','Y',10,20,'Y'),(24,1,'hansol','Y',10,20,'Y'),(25,1,'1번테이','Y',4,10,'Y'),(26,1,'1번테이블','Y',4,10,'Y'),(27,1,'1번테이블','Y',4,10,'Y'),(28,1,'1번테이블','Y',4,10,'Y'),(29,1,'1번테이블변경','Y',4,10,'Y'),(30,1,'2번테이블','Y',4,10,'Y'),(31,1,'1번테이블','Y',4,10,'Y'),(32,1,'3번테이블','Y',4,10,'Y'),(33,1,'4번테이블','Y',4,10,'Y'),(34,1,'1','Y',4,10,'Y'),(35,1,'새로운 테이블','N',0,0,'Y'),(36,1,'새로운 테이블','N',0,0,'Y'),(37,1,'새로운 테이블','N',0,0,'Y'),(38,1,'새로운 테이블','N',0,0,'Y'),(39,1,'새로운 테이블','N',0,0,'Y'),(40,1,'새로운 테이블','N',0,0,'Y'),(41,1,'새로운 테이블','N',0,0,'Y'),(42,1,'새로운 테이블d','N',0,0,'Y'),(43,1,'새로운 테이블','N',0,0,'Y'),(44,1,'새롭네요','N',0,0,'Y'),(45,1,'새로운 테이블','N',0,0,'Y'),(46,37,'새로운 테이블','N',0,0,'Y'),(47,37,'새로운 테이블','N',0,0,'Y'),(48,37,'새로운 테이블','N',0,0,'Y'),(49,37,'새로운 테이블','N',0,0,'Y'),(50,37,'새로운 테이블','N',0,0,'Y'),(51,38,'새로운 테이블','N',0,0,'Y'),(52,1,'새로운 테이','N',0,0,'Y'),(53,1,'새로운 테이블','N',0,0,'Y'),(54,1,'새로운 테이블','N',0,0,'Y'),(55,1,'새로운 테이블','N',0,0,'Y'),(56,1,'새로운 테이블','N',0,0,'Y'),(57,1,'새로운 테','Y',0,0,'Y'),(58,1,'새로운 테이블','N',0,0,'Y'),(59,27,'새로운1','N',2,4,'Y'),(60,40,'테이블ㅇ미','N',2,4,'Y'),(61,1,'새로운 테이블','N',0,0,'Y'),(62,1,'새로운 22','N',0,0,'Y'),(63,1,'바1','N',0,0,'Y'),(64,1,'바2','N',0,0,'Y'),(65,1,'바3','N',0,0,'Y'),(66,1,'새로운','N',0,0,'Y'),(67,41,'테이블 1','N',2,4,'Y'),(68,41,'테이블 2','N',2,4,'Y'),(69,39,'1번','N',2,4,'Y'),(70,39,'새로운 테이블','N',0,0,'Y'),(71,39,'새로운 2','N',0,0,'Y'),(72,39,'새로운 3','N',0,0,'Y'),(73,18,'새로운 테이블','N',0,0,'Y'),(74,42,'테이블','N',2,4,'Y'),(75,43,'테이블 1','N',0,0,'Y'),(76,43,'새로운 테이블','N',0,0,'Y'),(77,43,'새로운 테이블','N',0,0,'Y'),(78,43,'새로운 테이블','N',0,0,'Y'),(79,43,'새로운 테이블','N',0,0,'Y'),(80,43,'새로운 테이블','N',0,0,'Y'),(81,43,'새로운 테이블','N',0,0,'Y'),(82,43,'새로운 테이블','N',0,0,'Y'),(83,43,'새로운 테이블','N',0,0,'Y'),(84,43,'창가 테이블 1','Y',4,6,'N'),(85,43,'새로운 테이블','N',0,0,'Y'),(86,43,'새로운 테이블','N',0,0,'Y'),(87,43,'새로운 테이블','N',0,0,'Y'),(88,43,'새로운 테이블','N',0,0,'Y'),(89,43,'창가 테이블 2','Y',4,6,'N'),(90,43,'새로운 테이블','N',0,0,'Y'),(91,43,'새로운 테이블','N',0,0,'Y'),(92,43,'새로운 테이블','N',0,0,'Y'),(93,43,'새로운 테이블','N',0,0,'Y'),(94,43,'새로운 테이블','N',0,0,'Y'),(95,43,'새로운 테이블','N',0,0,'Y'),(96,43,'새로운 테이블','N',0,0,'Y'),(97,43,'새로운 테이블','N',0,0,'Y'),(98,43,'새로운 테이블','N',0,0,'Y'),(99,43,'새로운 테이블','N',0,0,'Y'),(100,43,'새로운 테이블','N',0,0,'Y'),(101,43,'새로운 테이블','N',0,0,'Y'),(102,43,'새로운 테이블','N',0,0,'Y'),(103,43,'새로운 테이블','N',0,0,'Y'),(104,43,'새로운 테이블','N',0,0,'Y'),(105,43,'새로운 테이블','N',0,0,'Y'),(106,43,'창가 테이블 3','Y',4,6,'N'),(107,43,'새로운 테이블','N',0,0,'Y'),(108,43,'창가 테이블 4','Y',4,6,'N'),(109,43,'바 1','N',0,0,'Y'),(110,47,'새로운 테이블','N',0,0,'N'),(111,48,'새로운 테이블','N',0,0,'N'),(112,48,'새로운 테이블','N',0,0,'N'),(113,43,'새로운 테이블','N',0,0,'Y'),(114,43,'홀 테이블 1','N',2,4,'N'),(115,43,'홀 테이블 2','N',2,4,'N'),(116,43,'홀 테이블 3','N',2,4,'N'),(117,43,'홀 테이블 4','N',2,4,'N'),(118,43,'싱글 테이블 1','N',1,2,'N'),(119,43,'싱글 테이블 2','N',1,2,'N'),(120,43,'싱글 테이블 3','N',1,2,'N'),(121,43,'싱글 테이블 4','N',1,2,'N'),(122,50,'테이블 1','N',0,0,'N'),(123,49,'새로운 테이블','N',0,5,'N'),(124,49,'ㄴㅇㄹ','N',0,0,'N'),(125,49,'ㅇㄹㅇㄹ','ㅛ',0,0,'N'),(126,49,'새로운 테이블','N',0,0,'Y'),(127,49,'새로운 테이블','N',0,0,'Y'),(128,43,'새로운 테이블','N',0,0,'N'),(129,53,'새로운 테이블','N',2,4,'N'),(130,53,'테이블2','N',0,0,'N'),(131,54,'테이블1','N',0,0,'N'),(132,54,'테이블2','N',0,0,'N');
/*!40000 ALTER TABLE `STORE_TABLE` ENABLE KEYS */;
UNLOCK TABLES;
/*!40103 SET TIME_ZONE=@OLD_TIME_ZONE */;

/*!40101 SET SQL_MODE=@OLD_SQL_MODE */;
/*!40014 SET FOREIGN_KEY_CHECKS=@OLD_FOREIGN_KEY_CHECKS */;
/*!40014 SET UNIQUE_CHECKS=@OLD_UNIQUE_CHECKS */;
/*!40101 SET CHARACTER_SET_CLIENT=@OLD_CHARACTER_SET_CLIENT */;
/*!40101 SET CHARACTER_SET_RESULTS=@OLD_CHARACTER_SET_RESULTS */;
/*!40101 SET COLLATION_CONNECTION=@OLD_COLLATION_CONNECTION */;
/*!40111 SET SQL_NOTES=@OLD_SQL_NOTES */;

-- Dump completed on 2020-06-02 23:13:21
